-0.010959,-0.016423
-0.018008,-0.026984
-0.0046307,-0.0069361
-0.00053493,-0.0008016
-0.012461,-0.018671
-0.001216,-0.0018213
-0.0070122,-0.010508
-0.00087022,-0.0013033
-0.062563,-0.095987
-0.0005777,-0.00086557
-0.086251,-0.14387
-0.036563,-0.054638
-0.0023723,-0.0035541
-0.00619,-0.0092748
-0.00026699,-0.00040007
-0.0022975,-0.0034423
-0.018045,-0.027036
-0.016794,-0.025161
-0.0014646,-0.0021938
-0.075263,-0.12134
-0.010417,-0.015603
-0.010319,-0.015459
-0.043741,-0.065421
-0.011941,-0.017892
-0.0061558,-0.0092207
-0.024159,-0.036174
-0.00048959,-0.00073336
-0.0040951,-0.0061341
-0.021081,-0.031594
-0.023246,-0.034815
-0.0049496,-0.0074158
-0.018905,-0.028325
-0.0056082,-0.0084043
-0.018158,-0.027209
-0.011137,-0.016689
-0.0016846,-0.0025241
-0.030446,-0.045624
-0.00054272,-0.00081314
-0.0088493,-0.013261
-0.0092707,-0.01389
-0.0022735,-0.0034053
-0.00089471,-0.0013405
-0.0013804,-0.0020678
-0.00091903,-0.0013766
-0.0012737,-0.0019083
-0.0051157,-0.0076625
-0.00018167,-0.00027221
-0.00045621,-0.00068362
-0.0010436,-0.0015635
-0.0052915,-0.00793
-0.0019622,-0.002939
-0.026085,-0.039094
-0.00043946,-0.00065824
-0.0035389,-0.0053033
-0.0017761,-0.0026604
-0.00057968,-0.00086828
-0.0013107,-0.0019643
-0.063564,-0.099623
-0.024263,-0.036359
-0.0017791,-0.0026656
-0.022282,-0.03339
-0.0045624,-0.0068345
-0.00066913,-0.0010022
-0.016806,-0.025183
-0.078709,-0.12336
-0.00025788,-0.00038626
-0.0031227,-0.0046785
-0.0011007,-0.0016486
-0.00041254,-0.00061823
-0.039631,-0.059276
-0.00032041,-0.00047994
-0.0089145,-0.013357
-0.039474,-0.059
-0.0025847,-0.0038712
-0.00017313,-0.00025932
-0.010572,-0.015839
-0.054075,-0.081816
-0.00023153,-0.00034684
-0.034504,-0.051601
-0.037086,-0.055446
-0.007188,-0.010769
-0.0052697,-0.0078972
-0.0054945,-0.0082312
-0.001745,-0.0026138
-0.016437,-0.024629
-0.0074473,-0.011158
-0.00011019,-0.0001651
-0.020483,-0.030691
-0.025485,-0.038152
-0.0080475,-0.012054
-0.026052,-0.039038
-0.0030547,-0.0045751
-0.030221,-0.045285
-0.033205,-0.049616
1.1111,1.1
-0.00052785,-0.00079082
-0.0032495,-0.0048675
-0.0077916,-0.011676
-0.00038387,-0.00057497
-0.018487,-0.035962
-0.064966,-0.10475
-0.0195,-0.029221
-0.023185,-0.03475
-0.039936,-0.059728
1.014,1.0252
-0.00013625,-0.0002041
-0.00070809,-0.0010605
-0.00083427,-0.0012502
-0.0043173,-0.0064699
-0.0040058,-0.0060022
-0.02758,-0.041331
-0.023961,-0.035914
-9.6498e-05,-0.00014454
-0.075611,-0.1219
-0.0035559,-0.0053265
-0.0040872,-0.0061247
-0.0033147,-0.0049652
-0.00050286,-0.00075329
-0.001101,-0.0016491
-0.010323,-0.015467
-0.025168,-0.037702
-0.0016741,-0.0025089
-0.00086471,-0.0012957
-0.0017837,-0.0026725
-0.028303,-0.042346
-0.0040193,-0.0060202
-0.00084359,-0.001264
-0.0005229,-0.00078348
-0.00012356,-0.00018516
-0.00024249,-0.0003633
-0.014019,-0.021002
-0.0040344,-0.0060423
-0.0070985,-0.010635
-0.051069,-0.09294
-0.04679,-0.07022
-0.00098325,-0.0014728
-0.0010353,-0.0015511
-0.0077836,-0.011662
-0.043194,-0.078563
-0.00068566,-0.0010274
-0.0033461,-0.0050146
-0.035094,-0.052526
-0.00029193,-0.00043739
-0.00082782,-0.0012403
-0.06753,-0.10583
-0.049944,-0.090821
-0.01744,-0.026138
-0.00013697,-0.0002052
-0.0019288,-0.00289
-0.00065597,-0.00098254
-0.0020509,-0.0030717
-0.0038715,-0.0057993
-0.035655,-0.053289
-0.026013,-0.038947
-0.031089,-0.046471
-0.00036496,-0.00054684
-0.0028427,-0.0042581
-0.0014967,-0.0022423
-0.0034902,-0.0052301
-0.0040947,-0.0061349
-0.024516,-0.036727
-0.010093,-0.015117
-0.0051377,-0.0076966
-0.013407,-0.020087
-0.0010812,-0.0016194
-0.0165,-0.024727
-0.006463,-0.009685
-0.00016277,-0.00024388
-0.0067765,-0.010149
-0.001481,-0.0022185
-0.019359,-0.029013
-0.06655,-0.10731
-0.00019118,-0.00028639
-0.00024825,-0.00037201
-0.014671,-0.021976
-0.0014508,-0.0021731
-0.018694,-0.028009
-0.034262,-0.051269
-0.015425,-0.023113
-0.00012109,-0.00018145
-0.00028231,-0.00042293
-0.0058651,-0.0087886
-0.0013456,-0.0020163
-0.08308,-0.13394
-0.011405,-0.017088
-0.0099508,-0.014908
-0.033941,-0.05071
-0.00012243,-0.00018344
-0.0021815,-0.0032678
-0.0018354,-0.0027498
-0.010394,-0.015573
-0.036105,-0.053988
-0.00044202,-0.00066227
-0.057567,-0.10461
-0.010739,-0.016092
-0.00029866,-0.00044733
-0.083709,-0.13494
1.0294,1.1472
-0.00014748,-0.0002209
-0.035938,-0.053729
-0.001139,-0.0017063
-0.0028734,-0.0043053
-0.069978,-0.11677
-0.01502,-0.022508
-0.0080693,-0.012086
-0.00050603,-0.00075802
-0.0030287,-0.0045388
-0.0024824,-0.0037188
-0.00016933,-0.00025374
-0.00011038,-0.00016538
-0.002958,-0.0044319
-0.0036995,-0.0055437
-0.00015103,-0.00022633
-0.0016268,-0.0024374
1.0848,1.0445
-0.00088588,-0.0013269
-0.005463,-0.0081869
-0.045518,-0.068314
-0.0086789,-0.013006
-0.00029504,-0.00044193
-0.0011715,-0.0017548
-0.063387,-0.099344
-0.030115,-0.045061
-0.00029214,-0.00043757
-0.0067304,-0.010084
-0.045383,-0.068102
-0.024137,-0.046808
-0.00024981,-0.00037427
-0.01632,-0.024448
-0.0099716,-0.01494
-0.010963,-0.016424
-0.00027035,-0.00040492
-0.061545,-0.093097
-0.0011058,-0.0016568
-0.052521,-0.07882
-0.00033972,-0.00050889
-0.062671,-0.10881
-0.022697,-0.043836
-0.0048948,-0.0073322
-0.00022146,-0.00033186
-0.021782,-0.032627
-0.0036619,-0.0054853
-0.029852,-0.044708
-0.00037296,-0.00055882
-0.059679,-0.093531
-0.003359,-0.0050317
-0.020917,-0.031334
-0.00011023,-0.00016518
-0.00098864,-0.0014813
-0.0053308,-0.0079865
-0.0001179,-0.00017658
-0.00061245,-0.00091759
-0.014963,-0.02242
-0.00049485,-0.00074118
-0.000855,-0.001281
-0.0045018,-0.0067441
-0.027733,-0.041492
-0.0061879,-0.0092728
-0.011265,-0.016876
-0.009049,-0.013559
-0.0026604,-0.0039866
1.1096,0.91713
-0.00037295,-0.00055868
-0.00099789,-0.0014953
-0.020699,-0.04028
-0.00055849,-0.00083657
-0.0013775,-0.0020642
-0.00018167,-0.00027218
-0.017605,-0.02638
-0.0006404,-0.00095922
-0.00071205,-0.0010669
0.8099,1.0442
-0.009218,-0.013809
-0.047744,-0.071418
-0.0054547,-0.0081742
-0.00045737,-0.00068526
-0.011091,-0.016617
-0.00098196,-0.0014715
-0.017968,-0.026917
-0.044223,-0.066088
-0.07076,-0.12283
-0.0747,-0.12042
-0.018902,-0.028326
-0.0019193,-0.0028761
-0.00079074,-0.0011847
-0.029963,-0.044841
-0.032333,-0.048304
-0.067363,-0.10335
-0.016211,-0.02429
-0.023932,-0.035827
-0.00013852,-0.00020759
0.98991,0.91766
-0.00030792,-0.00046143
-0.00064442,-0.00096528
-0.00044813,-0.00067128
-0.0081846,-0.012261
-0.0009166,-0.0013731
-0.00094121,-0.0014099
-0.0055214,-0.0082725
-0.0045498,-0.0068144
-0.00050554,-0.00075725
-0.00012373,-0.00018542
-0.00016265,-0.00024363
-0.00059147,-0.00088627
-0.064073,-0.10042
-0.00055047,-0.00082442
-0.0010665,-0.0015974
-0.00046122,-0.00069104
-0.00024498,-0.00036706
-0.0032432,-0.0048594
-0.00040991,-0.00061414
-0.0010862,-0.0016271
-0.061218,-0.098708
-0.028265,-0.042354
-0.00029497,-0.000442
-0.00053813,-0.00080626
-0.017431,-0.026124
-0.062863,-0.096441
-0.0018223,-0.0027308
-0.0043648,-0.0065393
-0.079051,-0.13189
-0.025348,-0.037979
-0.00028069,-0.00042044
-0.00027981,-0.00041907
-0.0043966,-0.0065853
-0.0034367,-0.0051482
-0.00030702,-0.00045999
-0.04713,-0.0705
-0.0037068,-0.0055525
-0.0023427,-0.0035105
-0.0004424,-0.00066293
-0.010462,-0.015677
-0.00030348,-0.00045459
-0.00013815,-0.00020698
-0.0023663,-0.0035453
-0.00014692,-0.00022006
-0.019933,-0.029874
-0.00181,-0.0027118
-0.00012835,-0.00019226
-0.010638,-0.015934
-0.0042343,-0.0063425
-0.005187,-0.0077694
-0.0022868,-0.0034269
-0.03495,-0.052232
-0.016662,-0.024962
-0.0030309,-0.0045418
-0.00012603,-0.00018879
-0.00041174,-0.00061687
-0.0049477,-0.0074126
-0.00020625,-0.00030895
-0.0027414,-0.0041082
-0.0011781,-0.0017647
-0.010708,-0.016043
-0.0060921,-0.0091273
-0.069583,-0.10906
-0.054909,-0.08308
-0.00013358,-0.00020012
-0.0011882,-0.0017805
-0.0017965,-0.0026919
-0.021275,-0.031889
-0.00024931,-0.00037352
1.1268,0.85982
-0.00045521,-0.00068207
-0.0068528,-0.010268
-0.00055348,-0.00082906
-0.034847,-0.052149
-0.00042667,-0.0006393
-0.0085182,-0.012761
-0.012777,-0.019139
-0.0023527,-0.0035242
-0.066983,-0.11625
-0.0086371,-0.012937
-0.0048191,-0.0072203
-0.0016589,-0.0024854
-0.00045635,-0.00068365
-0.0050268,-0.0075303
-0.0056515,-0.0084651
-0.075168,-0.12119
-0.0047182,-0.0070675
-0.028475,-0.042632
-0.027541,-0.041256
-0.007291,-0.010922
-0.0072504,-0.010864
-0.0013118,-0.0019657
-0.073766,-0.11561
-0.00012497,-0.00018722
-0.014728,-0.022061
-0.015305,-0.022927
-0.0027246,-0.004082
-0.0030206,-0.0045255
-0.0015339,-0.0022983
-0.050477,-0.0755
-0.00028758,-0.00043075
-0.017614,-0.026391
-0.0054661,-0.0081893
-0.023323,-0.04509
-0.00045578,-0.00068303
-0.001131,-0.0016943
-0.0074878,-0.011217
-0.0013666,-0.0020475
-0.0050987,-0.0076392
-0.00084469,-0.0012654
-0.041936,-0.062679
-0.004239,-0.0063515
-0.0090665,-0.013587
-0.0029623,-0.0044367
-0.032957,-0.049325
-0.0012115,-0.0018153
-0.0072846,-0.010911
-0.00051772,-0.00077554
-0.079962,-0.12892
-0.039227,-0.058638
-0.0039284,-0.0058844
-0.00011407,-0.00017087
-0.0060388,-0.0090473
-0.0014277,-0.0021385
-0.022185,-0.033248
-0.048845,-0.073305
-0.00079629,-0.0011933
-0.0001114,-0.00016685
-0.0016272,-0.0024381
-0.00088792,-0.0013304
-0.0022168,-0.0033208
-0.00013463,-0.00020173
-0.00088442,-0.0013247
-0.0035762,-0.0053578
-0.024563,-0.036815
-0.010883,-0.016301
-0.0012947,-0.0019399
1.1926,1.0442
-0.00012091,-0.00018114
-0.0019387,-0.0029047
-0.00048419,-0.00072556
-0.012364,-0.01852
-0.068374,-0.10716
-0.00033525,-0.00050239
-0.012601,-0.018879
-0.0020962,-0.0031406
0.9481,0.88558
-0.056538,-0.098234
-0.00019472,-0.00029166
-0.048087,-0.071923
-0.0031289,-0.0046877
-0.00036703,-0.00054973
-0.011359,-0.017015
-0.00045105,-0.00067553
-0.010023,-0.015019
-0.00191,-0.0028618
-0.015191,-0.022758
-0.00041204,-0.00061737
-0.011582,-0.01735
-0.026112,-0.039065
-0.0022263,-0.0033354
-0.019843,-0.029738
-0.043787,-0.065448
-0.020734,-0.031071
-0.0038328,-0.0057411
-0.034663,-0.051783
-0.00048782,-0.00073083
-0.017957,-0.026905
-0.0013384,-0.0020055
-0.00014034,-0.00021031
-0.00024175,-0.0003621
-0.00015132,-0.00022669
-0.0010922,-0.0016366
-0.0071479,-0.010706
-0.04661,-0.069702
-0.02478,-0.03712
0.90974,1.0834
-0.042757,-0.063918
-0.0045886,-0.0068762
-0.0004304,-0.00064495
-0.01803,-0.027011
-0.0059397,-0.008901
-0.00052535,-0.00078722
-0.022383,-0.033535
-0.022447,-0.033632
-0.021824,-0.032688
-0.0043196,-0.0064733
-0.0062727,-0.0093979
-0.034016,-0.050857
-0.00034125,-0.00051118
-0.0043351,-0.0064967
-0.019662,-0.038237
-0.00047027,-0.00070448
-0.079256,-0.13758
-0.058033,-0.090952
-0.032251,-0.048268
-0.00027601,-0.00041348
-0.019731,-0.029562
-0.0036152,-0.0054147
-0.019974,-0.029925
-0.0067045,-0.010044
-0.011905,-0.017831
-0.00012398,-0.00018574
-0.0074069,-0.011096
-0.0024225,-0.0036299
-0.022067,-0.033068
-0.00045761,-0.00068546
-0.0017737,-0.0026578
-0.00030889,-0.00046271
-0.0023753,-0.0035595
-0.0204,-0.039663
-0.00020515,-0.00030733
-0.0049296,-0.0073859
-0.00068731,-0.0010296
-0.023568,-0.035302
-0.0025116,-0.003762
-0.0033312,-0.0049904
-0.0016628,-0.0024915
-0.0026963,-0.0040399
-0.084874,-0.14157
-0.0060259,-0.0090265
-0.00042054,-0.00063001
-0.00045488,-0.0006815
-0.082078,-0.13232
-0.028717,-0.042966
-0.00040564,-0.00060763
-0.0020699,-0.0031018
-0.011746,-0.017603
-0.00080282,-0.0012028
-0.017143,-0.025682
-0.015178,-0.022742
-0.00018136,-0.00027172
-0.0013318,-0.0019958
-0.0002153,-0.00032257
-0.04386,-0.065614
-0.00017888,-0.00026803
-0.00040924,-0.0006131
-0.00016694,-0.00025006
-0.00030109,-0.00045111
1.1219,1.1081
-0.071392,-0.11189
-0.017789,-0.026649
-0.0004024,-0.00060282
-0.0050703,-0.0075956
-0.034914,-0.052263
-0.00018569,-0.00027822
-0.00012381,-0.00018546
-0.017581,-0.026339
-0.018406,-0.027577
-0.0014315,-0.0021451
-0.00051953,-0.00077828
-0.037104,-0.055538
-0.0014522,-0.0021752
-0.056862,-0.086021
-0.0040552,-0.0060758
-0.00010516,-0.0001575
-0.039352,-0.058814
-0.013185,-0.019759
-0.014339,-0.021488
-0.010111,-0.015151
-0.026914,-0.040331
-0.036547,-0.054636
-0.048701,-0.088531
-0.011917,-0.017856
-0.070873,-0.11426
-0.00030735,-0.00046047
-0.00079098,-0.0011847
-0.0016494,-0.0024717
-0.0036814,-0.0055157
-0.036133,-0.05407
-0.040332,-0.060323
-0.073996,-0.11929
-0.00078633,-0.0011781
-0.005295,-0.0079346
-0.00027293,-0.00040879
-0.00058332,-0.00087376
-0.058977,-0.10249
-0.010026,-0.015021
-0.00025119,-0.00037633
-0.00036399,-0.00054535
-0.004338,-0.0065006
-0.0010033,-0.0015031
-0.00021456,-0.0003215
-0.03946,-0.058987
-0.005816,-0.0087135
-0.00078773,-0.0011798
-0.0050117,-0.0075108
-0.02933,-0.043848
-0.018567,-0.027824
-0.03323,-0.049778
-0.0089632,-0.013429
-0.00097538,-0.0014616
-0.0012044,-0.0018046
-0.037401,-0.055898
-0.0012942,-0.0019386
-0.0019544,-0.0029287
-0.01013,-0.015173
-0.022307,-0.033426
-0.00022769,-0.00034113
-0.00054224,-0.00081242
-0.0052261,-0.007827
-0.014957,-0.022409
-0.00044427,-0.00066562
-0.076117,-0.13208
-0.0017815,-0.002669
-0.023643,-0.045843
-0.019443,-0.037733
-0.030961,-0.046284
-0.0011187,-0.0016764
-0.0007928,-0.0011878
-0.00050079,-0.00075028
-0.01649,-0.024714
-0.019055,-0.02855
-0.00032326,-0.00048431
-0.031034,-0.046479
-0.005689,-0.0085232
-0.0090977,-0.01363
-0.00056162,-0.00084131
-0.027756,-0.041527
-0.0026355,-0.0039493
-0.035347,-0.052899
-0.077218,-0.12449
-0.00025173,-0.00037706
-0.023656,-0.03544
-0.00033845,-0.00050702
-0.0015544,-0.0023285
-0.013185,-0.019756
-0.00034473,-0.00051653
-0.0004963,-0.00074335
-0.0065646,-0.0098356
-0.0017039,-0.0025528
-0.021973,-0.032928
-0.00025088,-0.00037593
-0.061851,-0.093564
-0.000195,-0.00029209
-0.00046413,-0.00069527
-0.001396,-0.0020915
-0.0039898,-0.0059782
-0.025964,-0.038916
-0.0040772,-0.0061091
-0.00060194,-0.00090154
-0.042314,-0.063239
-0.074439,-0.11667
-0.00011799,-0.0001768
-0.03944,-0.058974
-0.030001,-0.044948
-0.054586,-0.082589
-0.00034877,-0.00052248
-0.0094941,-0.014224
-0.00030558,-0.00045775
-0.020085,-0.030101
-0.0028142,-0.0042152
-0.041933,-0.062663
-0.012796,-0.019168
-0.072683,-0.11392
-0.059219,-0.10288
-0.05375,-0.097508
-0.0033558,-0.0050279
-0.00030151,-0.00045161
-0.0018894,-0.00283
-0.00047726,-0.00071489
-0.010051,-0.015058
-0.028876,-0.043277
-0.00076777,-0.0011503
-0.0023563,-0.0035308
-0.00011658,-0.00017463
-0.00019597,-0.00029361
-0.00030622,-0.00045886
-0.020456,-0.030649
-0.020881,-0.031293
-0.012253,-0.018359
-0.022016,-0.042711
-0.045653,-0.068269
-0.016106,-0.024128
-0.0077581,-0.011625
-0.023598,-0.035368
-0.013995,-0.020964
-0.0070525,-0.010568
-0.0013884,-0.0020803
-0.070814,-0.11417
-0.056367,-0.084599
-0.0021298,-0.0031909
-0.0060448,-0.0090546
-0.00022615,-0.00033878
-0.00034221,-0.00051263
-0.052238,-0.080135
-0.029386,-0.043927
-0.00075513,-0.0011316
-0.00033973,-0.00050913
-0.032844,-0.049146
-0.00036123,-0.00054122
-0.003652,-0.0054695
-0.0073595,-0.011026
-0.07475,-0.12478
-0.039454,-0.058967
-0.00013596,-0.00020363
-0.024717,-0.037048
-0.0020435,-0.0030624
-0.0015098,-0.002262
-0.015318,-0.022948
-0.06821,-0.1069
-0.00029899,-0.00044796
-0.0043953,-0.0065853
-0.070646,-0.1139
-0.051051,-0.076608
-0.0001865,-0.00027943
-0.0090961,-0.013626
-0.00024642,-0.00036908
-0.0013204,-0.0019781
-0.001407,-0.0021077
-0.057523,-0.088249
-0.0021327,-0.0031958
-0.0010462,-0.0015675
-0.00016717,-0.00025044
-0.00073706,-0.0011039
-0.011437,-0.017137
-0.0030811,-0.0046156
0.98937,0.90342
-0.0023327,-0.0034946
-0.05358,-0.080408
-0.0036905,-0.0055295
-0.014878,-0.022292
-0.01366,-0.020462
-0.024997,-0.037454
1.0575,0.90102
-0.00017223,-0.00025804
-0.00027014,-0.00040468
-0.00071256,-0.0010677
-0.0042807,-0.0064138
-0.0002427,-0.0003636
-0.00054488,-0.00081607
-0.0006057,-0.00090721
-0.0065151,-0.0097616
-0.0025992,-0.0038933
-0.00017172,-0.00025724
-0.0010978,-0.0016443
-0.036693,-0.054872
-0.075273,-0.12556
-0.0010238,-0.0015336
-0.0058819,-0.0088127
-0.012924,-0.019368
-0.001796,-0.0026915
-0.045297,-0.068504
-0.00011031,-0.00016522
-0.00082752,-0.0012396
-0.052938,-0.079448
-0.0015051,-0.0022552
-0.014718,-0.022049
-0.072042,-0.12024
-0.011752,-0.017604
-0.0054075,-0.0081003
-0.00075715,-0.0011342
-0.0027675,-0.0041471
-0.0071632,-0.010729
-0.00027065,-0.00040553
-0.015632,-0.023415
-0.00074931,-0.0011227
-0.023794,-0.035658
-0.0089391,-0.013395
-0.0092216,-0.013817
-0.00093249,-0.0013974
-0.024748,-0.047789
-0.021368,-0.032011
-0.0011286,-0.0016911
-0.0089145,-0.013352
-0.0001511,-0.00022637
-0.030106,-0.045001
-0.051207,-0.092997
-0.0066715,-0.0099952
-0.0081699,-0.012241
-0.00036896,-0.00055269
-0.00012178,-0.00018249
-0.026881,-0.040271
-0.001218,-0.0018251
-0.0029531,-0.0044246
-0.070931,-0.11838
-0.00017139,-0.00025674
-0.00033911,-0.00050806
-0.0091242,-0.013673
-0.0033741,-0.0050543
-0.022246,-0.033338
-0.00060811,-0.00091075
-0.026348,-0.050864
-0.00095849,-0.0014357
-0.019991,-0.038857
-0.0029789,-0.0044632
-0.0001096,-0.00016424
-0.00027751,-0.00041576
-0.047431,-0.071195
-0.009947,-0.0149
-0.0036558,-0.0054774
-0.00025037,-0.00037506
-0.00010367,-0.00015528
-0.0039291,-0.0058876
-0.055227,-0.084732
-0.0023313,-0.003493
-0.04477,-0.066948
-0.0023396,-0.0035042
-0.050029,-0.075661
-0.0011598,-0.0017373
-0.00012711,-0.00019041
-0.00093318,-0.001398
-0.0059267,-0.0088798
-0.068561,-0.11054
-0.0012302,-0.0018432
-0.0065486,-0.0098085
-0.00027662,-0.00041439
-0.0699,-0.1213
-0.00012637,-0.0001893
-0.00062701,-0.00093929
-0.00043588,-0.00065305
-0.001402,-0.0021002
-0.012904,-0.019333
-0.00050517,-0.00075687
-0.036205,-0.05415
-0.00016661,-0.00024953
-0.00026128,-0.00039136
-0.00077389,-0.0011593
-0.0072405,-0.010848
-0.0010302,-0.0015438
-0.01492,-0.022354
-0.0024241,-0.0036322
-0.013018,-0.019507
-0.0006152,-0.00092187
-0.00094694,-0.0014188
-0.00020045,-0.00030038
-0.00044113,-0.00066073
-0.00043263,-0.00064822
-0.00072668,-0.0010887
-0.030647,-0.045812
-0.00075164,-0.0011261
-0.051036,-0.077206
-0.0027112,-0.0040621
-0.015655,-0.02346
-0.045754,-0.068447
-0.010814,-0.016196
-0.0082835,-0.012413
-0.027176,-0.040724
-0.0063304,-0.0094822
-0.00017969,-0.00026914
-0.0008314,-0.0012456
-0.056458,-0.10257
-0.062691,-0.10467
-0.0023947,-0.0035869
-0.055738,-0.083675
-0.00016915,-0.00025338
-0.00024227,-0.00036288
-0.0056557,-0.0084717
-0.00013016,-0.00019504
-0.031749,-0.047521
-0.00022582,-0.00033825
-0.067723,-0.11751
-0.00072563,-0.0010872
-0.030859,-0.04618
-0.00061391,-0.00091981
-0.00173,-0.0025917
-0.013915,-0.020847
-0.00050101,-0.00075045
-0.0026985,-0.0040419
-0.0016705,-0.0025029
-0.00098096,-0.0014698
-0.022442,-0.033615
-0.051129,-0.076739
-0.0003297,-0.00049391
-0.074996,-0.12092
-0.015197,-0.022774
-0.00031203,-0.00046753
-0.00063823,-0.00095627
-0.00067076,-0.0010048
-0.0038389,-0.0057509
-0.0056145,-0.0084125
-0.066246,-0.11499
1.0822,1.1156
-0.00039942,-0.0005984
-0.081674,-0.13628
-0.0048252,-0.0072291
-0.0018003,-0.0026964
-0.0573,-0.10394
-0.052534,-0.095429
-0.0068752,-0.010301
-0.0013913,-0.0020842
-0.024201,-0.046926
-0.010489,-0.015715
-0.0090721,-0.013595
-0.00012307,-0.00018441
-0.0057531,-0.008621
-0.00030399,-0.00045545
-0.0024469,-0.0036666
-0.011152,-0.016705
-0.025847,-0.038733
-0.0012331,-0.0018477
-9.9018e-05,-0.00014831
-0.015486,-0.023204
-0.0022851,-0.0034231
-0.001021,-0.0015295
-0.069833,-0.10945
-0.0013548,-0.0020297
-0.031436,-0.047031
-0.0034848,-0.0052193
-0.00011506,-0.00017236
-0.00016422,-0.00024609
-0.00031152,-0.00046683
-0.00011729,-0.00017574
-0.0073705,-0.011042
-0.0010298,-0.0015427
0.98668,0.97181
-0.0020181,-0.0030235
-0.035944,-0.053702
-0.00031316,-0.00046918
-0.004362,-0.0065355
-0.0010309,-0.0015445
-0.0021499,-0.0032219
-0.00074748,-0.0011198
-0.00010621,-0.00015908
-0.00022117,-0.00033136
-0.00011208,-0.00016788
-0.0016701,-0.0025022
-0.00041468,-0.00062145
-0.00015211,-0.00022791
-0.0016077,-0.0024082
-0.0028162,-0.0042183
-0.0045633,-0.0068372
-0.067421,-0.10871
-9.1473e-05,-0.00013702
-0.0005429,-0.00081314
-0.034103,-0.050992
-0.0013687,-0.0020507
-0.00029901,-0.00044802
-0.054857,-0.084154
-0.013257,-0.01986
-0.00065345,-0.00097915
-0.0239,-0.035815
-0.00099543,-0.0014914
-0.00067662,-0.0010137
-0.0019706,-0.0029525
-0.0020459,-0.0030659
-0.00065293,-0.00097842
-0.00025312,-0.00037917
-0.00011072,-0.00016583
0.89794,1.131
-0.071689,-0.12438
-0.0011228,-0.0016819
-0.0028751,-0.004306
-0.023799,-0.045872
-0.012429,-0.01862
-0.024693,-0.037015
-0.00054668,-0.0008188
-0.076811,-0.12039
-0.0001438,-0.00021548
-0.030484,-0.045656
-0.006796,-0.010181
-0.036307,-0.054249
-0.012435,-0.018632
-0.0014829,-0.0022218
-0.0016257,-0.0024361
-0.053183,-0.080435
-0.0067778,-0.010153
-0.0015481,-0.0023188
-0.035628,-0.053286
-0.0014422,-0.0021613
-0.00022159,-0.00033202
-0.00012613,-0.00018891
-0.0040275,-0.006035
-0.0034994,-0.0052418
-0.015171,-0.022728
-0.00083272,-0.0012474
-0.021678,-0.041946
-0.00041205,-0.00061728
-0.0087561,-0.013115
-0.013767,-0.020629
-0.00055182,-0.0008267
-0.00073743,-0.0011046
-0.00027046,-0.00040525
-0.064239,-0.10723
-0.00084822,-0.0012708
-0.017364,-0.026018
-0.0067981,-0.010186
-0.021015,-0.031498
-0.020346,-0.03049
-0.066888,-0.11612
-0.0011614,-0.0017399
-0.0010915,-0.0016355
-0.00038411,-0.00057534
-0.020467,-0.030674
-0.00033477,-0.00050167
-0.00040666,-0.00060909
-0.0038616,-0.0057865
-0.00019304,-0.00028923
-0.01652,-0.024747
-0.0017103,-0.0025617
-0.0073437,-0.011003
-0.037534,-0.056086
-0.075381,-0.12154
-0.0061174,-0.0091679
-0.00029271,-0.00043853
-0.00083963,-0.0012576
-0.0031988,-0.0047924
-0.0013305,-0.0019929
-0.0026032,-0.0039008
-0.00011733,-0.00017575
-0.0034568,-0.0051789
-0.0096288,-0.014423
-0.00012545,-0.00018792
-0.030108,-0.045049
-0.00077549,-0.0011618
-0.0011487,-0.0017208
-0.00069148,-0.0010362
-0.028117,-0.042121
-0.0024338,-0.0036468
-0.019102,-0.037075
-0.023079,-0.034568
-0.076642,-0.12012
-0.063205,-0.09906
-0.00018569,-0.00027817
-0.015638,-0.023433
-0.00020427,-0.00030603
-0.0053762,-0.0080566
-0.0015696,-0.0023511
-0.038747,-0.057953
-0.029596,-0.044313
-0.0013132,-0.0019671
-0.00028204,-0.0004225
-0.077647,-0.1217
-0.0099024,-0.014836
-0.0004121,-0.00061744
-0.0004994,-0.00074806
-0.0013566,-0.0020321
-0.00030751,-0.00046064
-0.0015489,-0.0023202
-0.00071575,-0.0010724
1.033,0.95858
-0.003837,-0.005749
-0.040447,-0.060448
-0.00038531,-0.00057721
-0.0012194,-0.0018266
-0.075812,-0.12221
-0.00013923,-0.00020856
-0.02236,-0.033488
-0.016484,-0.024697
-0.0076197,-0.011413
-0.0012385,-0.0018557
-0.0020724,-0.0031046
-0.033054,-0.049513
-0.0082974,-0.012432
-0.00026492,-0.00039701
-0.071093,-0.12342
-0.013446,-0.020146
-0.00089654,-0.0013428
-0.0001252,-0.00018757
-0.00035713,-0.00053505
-0.00040826,-0.00061167
-0.00047321,-0.0007088
-0.014938,-0.02238
-0.00025772,-0.00038602
-0.0042771,-0.0064067
-0.00017473,-0.0002618
-0.00020257,-0.00030353
-0.012193,-0.018267
-0.001125,-0.0016859
-0.00096799,-0.0014506
-0.026245,-0.050729
-0.010037,-0.015035
-0.00090601,-0.0013574
-0.00045805,-0.00068614
-0.071857,-0.11585
-0.040142,-0.059992
-0.00055996,-0.00083913
-0.000169,-0.00025314
-0.0010776,-0.0016147
-0.0029513,-0.0044212
-0.00055437,-0.00083057
-0.026881,-0.040283
-0.0083469,-0.012507
-0.0024943,-0.0037381
-0.0045493,-0.0068149
-0.036369,-0.054373
-0.00081425,-0.0012196
-0.022208,-0.033276
-0.0092361,-0.013836
-0.01007,-0.015091
-0.00018604,-0.00027878
-0.0049734,-0.0074507
-0.00045145,-0.00067651
-0.0012871,-0.0019278
-0.00016988,-0.00025456
-0.0072524,-0.010866
-0.0052074,-0.0078032
-0.001215,-0.0018204
-0.0025995,-0.0038946
-0.00098643,-0.0014777
-0.065222,-0.11328
-0.00012598,-0.00018877
-0.00012958,-0.00019415
-0.00037845,-0.00056686
-0.0050034,-0.007495
-0.00016586,-0.00024843
-0.00078666,-0.0011787
-0.0016511,-0.0024736
-0.00014872,-0.00022276
-0.012502,-0.018731
-0.03995,-0.059707
-0.001698,-0.0025437
-0.0069435,-0.010403
-0.0612,-0.093911
-0.0021922,-0.0032852
-0.00039365,-0.00058978
-0.077022,-0.12419
-0.0019889,-0.0029788
-0.0022603,-0.0033872
-0.01307,-0.019582
-0.0054545,-0.0081706
-0.0050819,-0.0076146
-0.00082761,-0.0012398
-0.0092995,-0.013929
-0.043027,-0.064546
-0.012808,-0.019184
-0.00035468,-0.00053147
-0.002252,-0.0033741
-0.0015423,-0.0023107
-0.00019657,-0.00029457
-0.00016694,-0.00025009
-0.0036706,-0.0054996
-0.0023158,-0.0034696
-0.011016,-0.016505
-0.00074387,-0.0011143
-0.0060002,-0.008991
-0.00029617,-0.0004436
-0.057554,-0.10439
-0.011906,-0.017838
-0.0072347,-0.010838
-0.00010465,-0.00015679
-0.0037967,-0.0056875
-0.0036258,-0.0054329
-0.0016027,-0.0024007
-0.0022323,-0.0033444
-0.0055524,-0.0083174
-0.017673,-0.026479
-0.0025024,-0.0037486
-0.0024187,-0.0036227
-0.00061244,-0.00091746
-0.00079911,-0.0011974
-0.021632,-0.032412
-0.026604,-0.03983
-0.0034078,-0.0051054
-0.023458,-0.035154
-0.0052299,-0.0078369
-0.0059439,-0.0089062
-0.00073182,-0.0010965
-0.00011907,-0.0001784
-0.00012466,-0.00018675
-0.001015,-0.0015208
-0.00018135,-0.00027167
-0.072555,-0.12105
-0.020459,-0.03975
-0.00037301,-0.00055888
-0.010687,-0.016007
-0.001178,-0.0017649
-0.00017651,-0.00026439
-0.020793,-0.031162
-0.0023205,-0.0034765
-0.020034,-0.030019
-0.017112,-0.025637
-0.00096513,-0.001446
0.88127,1.0789
-0.0044997,-0.0067416
-0.00020609,-0.00030878
-0.057578,-0.10004
-0.025637,-0.038384
-0.0017588,-0.0026351
-0.01756,-0.026305
-0.017521,-0.026248
-0.0055526,-0.0083164
-0.00023807,-0.00035674
-0.0030814,-0.0046169
-0.00026278,-0.0003937
-0.00012879,-0.00019293
-0.036955,-0.055221
-0.0292,-0.043737
-0.035175,-0.052554
-0.021563,-0.041788
-0.0011399,-0.0017077
-0.0021796,-0.0032661
-0.016056,-0.024056
-0.00043105,-0.00064591
-0.00021409,-0.00032067
-0.0028158,-0.0042182
-0.002464,-0.0036917
-0.013413,-0.020092
-0.00021239,-0.00031824
-0.0096289,-0.014429
-0.015041,-0.022534
-0.01816,-0.027207
-0.024111,-0.046604
-0.0004032,-0.00060414
-0.00067968,-0.0010185
-0.010017,-0.015011
1.0075,1.1156
-0.0091517,-0.013714
-0.0024181,-0.0036225
-0.012304,-0.018439
-0.018673,-0.027975
-0.015527,-0.023258
-0.0013654,-0.0020455
-0.019787,-0.029651
-0.0067386,-0.010094
-0.00886,-0.01327
-0.067338,-0.10554
-0.0030236,-0.0045304
-0.00017305,-0.00025923
-0.00022807,-0.00034164
-0.00067907,-0.0010177
-0.00081756,-0.001225
-0.00067446,-0.0010105
-0.0005804,-0.00086972
-0.00047377,-0.00070974
-0.00037513,-0.00056202
-0.00038102,-0.00057078
-0.042954,-0.064205
-0.026973,-0.040361
-0.0015885,-0.0023792
-0.00055743,-0.00083515
-0.00092421,-0.0013845
-0.00022134,-0.00033157
-0.045079,-0.067384
-0.00038011,-0.00056952
-0.058795,-0.090202
-0.023273,-0.034876
-0.00014491,-0.00021702
-0.0079992,-0.011985
-0.0001341,-0.00020087
-0.00022363,-0.00033495
-0.02967,-0.044431
0.81802,0.94053
-0.087146,-0.14536
-0.0035899,-0.0053774
-0.00075752,-0.0011351
-0.038586,-0.057712
-0.033467,-0.050003
-0.0037108,-0.0055588
-0.0006755,-0.0010118
-0.0014597,-0.0021868
-0.00016071,-0.00024071
-0.0013301,-0.0019925
-0.02027,-0.030371
-0.024587,-0.036836
-0.047754,-0.071646
-0.01361,-0.020386
-0.0015357,-0.0023007
-0.018717,-0.036477
-0.01085,-0.016252
-0.00025917,-0.00038827
-0.001081,-0.0016196
-0.019466,-0.029169
-0.00020783,-0.00031138
-0.076943,-0.12834
-0.00055685,-0.00083442
-0.0001616,-0.00024217
-0.0016054,-0.0024056
-0.00094083,-0.0014092
-0.00025777,-0.00038614
-0.0011864,-0.0017779
-0.058547,-0.1063
-0.0024007,-0.0035966
-0.00022999,-0.00034449
-0.00026857,-0.00040239
-0.00028632,-0.00042895
-0.00097706,-0.0014635
-0.022895,-0.034308
-0.00017477,-0.00026177
-0.0016043,-0.002403
-0.00071762,-0.0010751
-0.00012466,-0.00018674
-0.0005505,-0.00082479
-0.0054462,-0.0081598
-0.00019184,-0.00028738
-0.0079926,-0.011974
-0.0059485,-0.0089094
-0.0035369,-0.0053005
-0.01088,-0.016296
-0.0090898,-0.013619
-0.013754,-0.020612
-0.0018744,-0.002808
-0.015716,-0.023548
-0.00061658,-0.00092378
-0.020753,-0.040165
-0.0021649,-0.003244
-0.043268,-0.078792
-0.0004533,-0.00067912
-0.034638,-0.051755
-0.00011842,-0.00017741
-0.0081393,-0.012197
-0.013651,-0.02045
-0.0015818,-0.002369
-0.00015748,-0.00023593
-0.0012583,-0.001885
-0.00056939,-0.00085308
-0.0013912,-0.0020845
-0.00053999,-0.00080917
-0.0089995,-0.013484
-0.00025018,-0.00037482
-0.0051999,-0.0077921
-0.00016629,-0.0002491
-0.039637,-0.05927
-0.00024481,-0.00036681
-0.0013306,-0.0019937
-0.00010057,-0.00015064
-0.00015326,-0.00022967
-0.00063408,-0.00094989
-0.055794,-0.084399
-0.0082349,-0.012338
-0.0071065,-0.01065
-0.0096347,-0.014437
-0.0002756,-0.00041282
-0.019074,-0.028581
0.96116,0.91594
-0.053163,-0.096701
-0.0001942,-0.00029101
-0.00080371,-0.0012042
-0.0005029,-0.00075338
-0.0024406,-0.0036567
-0.00011452,-0.00017154
-0.008855,-0.013268
-0.00013526,-0.00020266
-0.00047622,-0.0007136
-0.020884,-0.031292
-0.0077306,-0.011579
-0.0016707,-0.0025026
-0.00027414,-0.00041056
-0.00020467,-0.00030664
-0.00090439,-0.0013548
-0.0045946,-0.0068853
-0.040967,-0.061261
-0.0032725,-0.0049014
-0.048966,-0.073495
-0.019645,-0.029445
-0.0022674,-0.0033976
-0.0019085,-0.0028587
-0.00025182,-0.00037728
-0.00021423,-0.00032102
1.0609,1.0703
-0.013732,-0.020571
-0.00013678,-0.00020491
-0.00020406,-0.00030573
-0.074188,-0.11384
-0.00047025,-0.00070453
-0.001825,-0.0027349
-0.00018468,-0.00027668
-0.00023333,-0.00034953
-0.00088117,-0.0013204
-0.0016473,-0.0024681
-0.00017983,-0.00026943
-0.015091,-0.022607
-0.0018559,-0.0027802
-0.0022459,-0.0033657
-0.0031522,-0.0047216
-0.0083603,-0.012524
-9.9458e-05,-0.00014898
-0.0017548,-0.0026292
0.92343,1.0573
-0.00027731,-0.00041542
-0.0035052,-0.0052516
-0.06305,-0.10949
-0.0036667,-0.0054949
-0.06667,-0.10231
-0.0066798,-0.010008
-0.021349,-0.031985
-0.0005018,-0.00075172
-0.017151,-0.025693
-0.059018,-0.088587
-0.0015795,-0.002366
-0.00219,-0.0032813
-0.0085937,-0.012875
-0.013551,-0.020301
-0.00035097,-0.00052571
-0.00037724,-0.000565
-0.050205,-0.07536
-0.0010079,-0.0015098
-0.0037687,-0.0056469
-0.028366,-0.042483
-0.0013564,-0.0020322
-0.026592,-0.039784
-0.0011398,-0.0017078
-0.013505,-0.020232
-0.001484,-0.0022228
-0.020187,-0.039213
-0.00026339,-0.00039447
-0.0027356,-0.0040981
-0.023905,-0.035817
-0.042995,-0.06451
-0.066061,-0.11027
-0.00022737,-0.00034064
-0.048688,-0.073084
-0.014116,-0.021145
-0.00082418,-0.0012348
-0.053918,-0.097903
-0.00035137,-0.00052637
-0.0013623,-0.0020413
-0.018864,-0.028262
-0.0075129,-0.011253
-0.00035449,-0.00053098
-0.04864,-0.073577
-0.0085352,-0.012785
-0.0099349,-0.014888
-0.07082,-0.111
-0.018266,-0.027368
-0.00111,-0.001663
-0.0060032,-0.0089927
-0.00016686,-0.00025005
-0.00069806,-0.0010457
-0.00033456,-0.00050105
-0.0029504,-0.0044205
-0.066435,-0.10412
-0.004986,-0.0074695
-0.023577,-0.045443
-0.081208,-0.1355
-0.015211,-0.022792
-0.00043633,-0.00065387
-0.052049,-0.078105
-0.0066118,-0.0099034
-0.0042095,-0.0063061
-0.00020905,-0.00031321
-0.0028259,-0.0042334
-0.0023986,-0.0035926
-0.022146,-0.033185
-0.017904,-0.026822
-0.0035104,-0.0052602
-0.011032,-0.016529
-0.047241,-0.071445
-0.077411,-0.12915
-0.0019747,-0.002958
-0.00012702,-0.00019031
-0.0027434,-0.004111
-0.020329,-0.030459
-0.0003923,-0.00058753
-0.019397,-0.029068
-0.063596,-0.11049
-0.0070811,-0.010609
-0.0011943,-0.0017893
-0.023794,-0.035641
-0.00098846,-0.001481
-0.00056626,-0.00084844
-0.00016221,-0.00024306
-0.00013299,-0.0001992
-0.00031805,-0.00047646
-0.00037699,-0.00056473
-0.0049538,-0.0074219
-0.00034374,-0.00051511
-0.0030004,-0.0044944
-0.0032014,-0.0047976
-0.0067232,-0.010075
-0.025261,-0.037842
-0.0026522,-0.0039734
-0.00095033,-0.0014235
-0.006196,-0.0092852
-0.0030653,-0.0045914
-0.010911,-0.016349
-0.00011996,-0.00017975
-0.0046832,-0.007017
-0.01911,-0.028639
-0.0049764,-0.0074562
-0.054907,-0.083062
-0.00044456,-0.00066597
-0.011594,-0.017364
-0.024815,-0.037187
-0.00076357,-0.0011441
-0.0033371,-0.0049996
-0.018344,-0.027481
-0.0037163,-0.0055695
-0.035983,-0.053813
-0.016001,-0.02398
-0.027618,-0.04138
-0.0027034,-0.0040508
-0.0058568,-0.0087726
-0.01358,-0.020352
-0.02714,-0.040644
-0.00031888,-0.00047764
-0.031623,-0.047369
-0.00047551,-0.00071255
-0.00024378,-0.00036516
-0.0085589,-0.012826
-0.010188,-0.015265
-0.00037269,-0.00055837
-0.00012195,-0.00018271
-0.00065681,-0.00098408
-0.0012327,-0.0018465
-0.056368,-0.084614
-0.026531,-0.039719
-0.0074272,-0.011127
-0.00090001,-0.0013482
-0.00034597,-0.00051834
-0.011273,-0.016887
-0.00019745,-0.00029587
-0.0027173,-0.0040709
-0.0063732,-0.0095485
-0.00082009,-0.0012287
-0.0010818,-0.0016207
1.0635,0.92514
-0.00023764,-0.00035596
-0.0013618,-0.00204
-0.021835,-0.032711
-0.00052078,-0.0007803
-0.0059402,-0.0089007
-0.00092053,-0.0013795
-0.0010911,-0.0016351
-0.053698,-0.080591
-0.023973,-0.035926
-0.00023937,-0.00035853
-0.0028595,-0.0042849
-0.0015708,-0.0023527
-0.00070051,-0.0010494
-0.00014976,-0.00022431
-0.017737,-0.026576
-0.0010035,-0.0015039
-0.033272,-0.049742
-0.027898,-0.041778
-0.00015311,-0.00022935
-0.0012349,-0.0018507
-0.00012455,-0.0001866
-0.048971,-0.073496
-0.0026905,-0.0040298
-0.036857,-0.055075
-0.024063,-0.046554
-0.048245,-0.087771
-0.00067191,-0.0010067
-0.0039042,-0.0058492
-0.0016442,-0.0024629
-0.009916,-0.014854
-0.00685,-0.010262
-0.0039798,-0.0059609
-0.0029569,-0.0044306
-0.0014945,-0.002239
-0.00097866,-0.0014658
-0.038284,-0.057255
-0.030133,-0.045155
-0.00013284,-0.00019898
-0.010423,-0.015611
-0.00036835,-0.00055195
-0.00094459,-0.0014152
-0.020193,-0.030257
-0.00060949,-0.00091298
-0.00020295,-0.00030402
-0.0020504,-0.0030714
-0.00055561,-0.0008325
-0.00034489,-0.00051665
-0.02981,-0.044636
-0.00011164,-0.00016723
-0.0013886,-0.0020801
-0.0015013,-0.002249
-0.0012087,-0.0018104
-0.006706,-0.010046
-0.00048499,-0.00072645
-0.00012522,-0.00018762
-0.0012245,-0.0018345
-0.0037648,-0.0056402
1.0116,0.93985
-0.0031309,-0.0046913
-0.00033798,-0.00050649
-0.00024714,-0.00037016
-0.0024813,-0.0037185
-0.0017548,-0.0026284
-0.00033761,-0.00050576
-0.0099196,-0.014865
-0.0018361,-0.0027506
-0.00016882,-0.00025293
-0.022655,-0.033953
-0.032152,-0.048117
-0.00011618,-0.00017403
-0.06234,-0.094302
-0.035146,-0.052513
-0.0032391,-0.0048528
-0.011698,-0.01753
-0.013371,-0.020029
-0.00061673,-0.00092403
-0.00050416,-0.00075527
-0.040332,-0.060279
-0.026694,-0.051617
-0.00044317,-0.00066383
-0.00013831,-0.00020723
0.88914,1.0454
-0.0013195,-0.0019763
-0.00030179,-0.0004522
-0.0011529,-0.0017273
-0.020571,-0.030827
-0.0002186,-0.00032743
-0.027679,-0.041451
-9.1033e-05,-0.00013636
-0.016258,-0.024359
-0.0017706,-0.0026522
-0.00023131,-0.00034652
-0.0025882,-0.0038784
-0.00080999,-0.0012136
-0.0001092,-0.00016356
-0.0097209,-0.014561
-0.00055519,-0.00083179
-0.0005289,-0.00079211
-0.0010604,-0.0015884
-0.00026444,-0.00039608
-0.00074309,-0.0011135
-0.069823,-0.10713
-0.079786,-0.12863
-0.00021793,-0.00032658
-0.01441,-0.021587
-0.00040862,-0.00061233
-0.048966,-0.088942
-0.0013014,-0.0019498
-0.048232,-0.0724
-0.046035,-0.083745
-0.00091371,-0.0013689
-0.00028244,-0.00042319
-0.00035434,-0.00053087
-0.0026228,-0.0039305
-0.00074913,-0.0011222
-0.0024712,-0.0037025
-0.042868,-0.078046
-0.002422,-0.0036295
-0.00064547,-0.00096669
-0.00016652,-0.00024948
-0.0016802,-0.002517
-0.00067526,-0.0010117
-0.029087,-0.043516
-0.019184,-0.028746
-0.00055698,-0.0008344
-0.0032595,-0.0048837
-0.0018371,-0.0027526
-0.020139,-0.030183
-0.061561,-0.094466
-0.00015486,-0.00023206
-0.018257,-0.027355
-0.00039162,-0.0005866
-0.005263,-0.0078853
-0.021917,-0.032848
-0.014807,-0.022184
-0.000406,-0.00060829
-0.025699,-0.038505
-0.0018187,-0.0027238
-0.020255,-0.030343
-0.00037806,-0.00056633
-0.0020579,-0.0030825
-0.00094144,-0.0014102
-0.0018164,-0.0027209
-0.024576,-0.036797
-0.0047292,-0.0070859
-0.026298,-0.039407
-0.022994,-0.034441
-0.0025265,-0.0037861
-0.001057,-0.0015839
-0.049163,-0.073547
-0.00037788,-0.00056618
-0.0024195,-0.0036251
-0.04521,-0.068378
0.88063,1.0509
-0.00037419,-0.00056062
-0.002161,-0.0032369
-0.069105,-0.11142
-0.0095717,-0.01434
-0.0067104,-0.010054
-0.00012841,-0.00019234
-0.012087,-0.018109
-0.0015044,-0.0022537
-0.0028636,-0.0042911
-0.0043121,-0.0064605
-0.0011025,-0.001652
-0.036312,-0.054342
-0.039952,-0.059734
-0.00038222,-0.00057265
-0.00030561,-0.00045789
-0.00022908,-0.00034327
-0.04977,-0.074711
-0.0001228,-0.00018399
-0.039988,-0.05975
-0.0053658,-0.0080369
-0.00022066,-0.00033054
-0.0016862,-0.0025257
-0.0018273,-0.0027378
-0.00018371,-0.00027519
-0.0088986,-0.01333
-0.0017111,-0.0025633
-0.0081903,-0.012272
-0.036299,-0.054267
-0.001377,-0.0020624
-0.00089393,-0.0013396
-0.0052248,-0.0078284
-9.9743e-05,-0.00014944
-0.0083439,-0.0125
-0.0057668,-0.0086382
-0.00050402,-0.00075527
-0.00137,-0.0020526
-0.00030277,-0.00045362
-0.0045291,-0.0067856
-0.0028954,-0.0043379
-0.079331,-0.13772
-0.031377,-0.046996
-0.001005,-0.0015057
-0.010594,-0.015875
-0.084491,-0.13621
-0.0045132,-0.0067612
-0.0010047,-0.0015053
-0.00012436,-0.00018632
-0.00016303,-0.00024425
-0.019436,-0.037779
-0.0020672,-0.0030978
-0.0022253,-0.0033334
-0.00032527,-0.00048739
-0.0080151,-0.01201
-0.0011874,-0.0017793
-0.013812,-0.020695
-0.0024541,-0.0036768
-0.00021329,-0.00031948
-0.0038215,-0.005726
-0.0033405,-0.005005
-0.0098309,-0.014726
-0.016617,-0.024896
-0.0060675,-0.0090904
-0.0089757,-0.013445
-0.00055559,-0.00083231
-0.02518,-0.048713
-0.074085,-0.11612
-0.0044045,-0.0066005
-0.062978,-0.10943
-0.00030162,-0.00045176
-0.001876,-0.0028109
-0.0028719,-0.0043027
1.1307,0.97437
-0.0012813,-0.0019192
-0.00063802,-0.00095567
-0.014357,-0.021506
-0.041163,-0.061534
-0.00065734,-0.00098481
-0.00032145,-0.00048142
-0.0053087,-0.0079549
-0.025121,-0.03761
-0.015004,-0.022487
-0.0020247,-0.0030335
-0.036245,-0.054196
-0.00028865,-0.00043236
-0.00090217,-0.0013513
-0.0011211,-0.0016797
-0.022112,-0.033132
-0.00016862,-0.00025263
-0.0029723,-0.0044519
-0.0012941,-0.0019389
-0.012445,-0.018645
-0.013466,-0.020176
-0.00015214,-0.00022794
-0.0099972,-0.014979
-0.0087992,-0.013181
-0.00066317,-0.00099368
1.1388,1.0806
-0.00066362,-0.00099434
-0.0027746,-0.0041561
-0.0010499,-0.0015726
-0.0013433,-0.0020121
-0.018762,-0.028113
-0.0063708,-0.009543
-0.00076396,-0.0011448
-0.00026679,-0.00039961
-0.00017303,-0.00025917
-0.00027658,-0.00041441
-0.00016509,-0.00024736
-0.065242,-0.11331
-0.044562,-0.066644
-0.00012085,-0.000181
-0.038942,-0.058184
-0.002039,-0.0030543
-0.0014701,-0.0022026
-0.00091456,-0.0013703
-0.00019974,-0.0002992
-0.002876,-0.0043096
-0.00080449,-0.0012055
-0.00021708,-0.00032523
-0.0031899,-0.004778
-0.0082498,-0.012364
-0.0027889,-0.0041779
-0.067921,-0.11334
-0.00063408,-0.00094999
-0.0021163,-0.0031699
-0.0075956,-0.01138
-0.0005322,-0.00079733
-0.0074138,-0.011109
-0.0033091,-0.0049579
-0.063758,-0.097825
-0.012141,-0.018186
-0.035844,-0.053552
-0.00072239,-0.0010821
-0.00062905,-0.00094246
-0.0072549,-0.010871
-0.0090215,-0.013515
-0.00083691,-0.0012541
-0.065817,-0.10986
-0.076637,-0.13302
-0.0022091,-0.0033099
-0.00024984,-0.00037427
-0.0044933,-0.0067321
-0.0030237,-0.0045303
-0.0041551,-0.0062257
-0.0094757,-0.014194
-0.045547,-0.082872
-0.048958,-0.074042
-0.0012831,-0.0019221
-0.00033011,-0.00049463
-0.072709,-0.12627
-0.00028472,-0.00042645
-0.0001867,-0.00027966
-0.078832,-0.13156
-0.00099913,-0.0014967
-0.048794,-0.07298
-0.0096805,-0.014504
-0.0074451,-0.011155
-0.049387,-0.074694
-0.00032976,-0.00049407
-0.00087383,-0.0013088
-0.0011187,-0.0016759
-0.036848,-0.05506
-0.050204,-0.075343
-0.0059739,-0.0089488
-0.0044801,-0.0067124
-0.00081664,-0.0012232
-0.00013239,-0.0001984
-0.0018722,-0.0028052
-0.041901,-0.062667
-0.00088881,-0.0013319
-0.012224,-0.018312
-0.0045985,-0.0068889
-0.0018628,-0.0027902
-0.00068536,-0.0010267
-0.00042076,-0.00063045
-0.0047651,-0.0071391
-0.032232,-0.048241
-0.010802,-0.016185
-0.00063165,-0.0009461
-0.00013024,-0.00019507
-0.0011283,-0.0016899
1.0981,1.0041
-0.00060422,-0.00090509
-0.00053748,-0.00080506
-0.0016238,-0.0024322
-0.028018,-0.041918
-0.0019449,-0.0029146
-0.0037604,-0.0056333
-0.00029864,-0.00044752
-0.00056651,-0.00084894
-0.0060854,-0.0091165
-0.022173,-0.042987
-0.00020796,-0.00031152
-0.00027598,-0.00041348
-0.0037387,-0.0056018
-0.042558,-0.063605
-0.00044484,-0.00066628
-0.00029416,-0.0004408
-0.00096731,-0.0014492
-0.0046983,-0.0070369
-0.00020374,-0.00030519
-0.0093405,-0.013993
-0.05078,-0.09238
-0.066169,-0.10011
-0.020142,-0.030182
-0.040547,-0.060647
-0.044794,-0.066945
-0.00017999,-0.00026959
-0.00062645,-0.00093849
-0.00045103,-0.00067576
-0.00061738,-0.00092495
-0.0056125,-0.0084078
-0.056335,-0.085203
-0.00010205,-0.00015289
-0.00014943,-0.0002239
-0.0032819,-0.0049176
-0.0049979,-0.0074864
-0.018316,-0.027452
-0.016356,-0.024512
-0.065529,-0.10565
-0.00053838,-0.00080638
-0.0013703,-0.0020527
-0.0021928,-0.0032856
-0.00079697,-0.0011943
-0.0034748,-0.0052056
-0.00011744,-0.00017593
-0.0036878,-0.0055245
-0.0019113,-0.0028632
-0.0058016,-0.0086924
-0.012292,-0.018421
-0.007284,-0.010914
-0.0010694,-0.0016027
-0.00060963,-0.00091331
-0.0029563,-0.0044302
-0.0069025,-0.010339
-0.019258,-0.028864
-0.01855,-0.027802
-0.021905,-0.042347
-0.0058221,-0.008725
-0.004241,-0.0063534
-0.00017552,-0.00026301
-0.0054729,-0.0081996
-0.027008,-0.040458
-0.0022046,-0.003302
-0.0018457,-0.0027647
-0.00073158,-0.0010959
-0.0039368,-0.0058991
-0.0018064,-0.0027056
-0.077583,-0.13464
-0.073928,-0.11587
-0.0015016,-0.0022497
-0.02595,-0.038896
-0.0012359,-0.0018515
-0.010575,-0.015843
-0.045944,-0.069494
-0.030672,-0.045852
-0.012135,-0.018182
-0.013594,-0.020372
-0.00069062,-0.0010349
-0.00027473,-0.00041158
-0.0044307,-0.006637
-0.032891,-0.049256
-0.00015179,-0.00022741
-0.00025381,-0.0003802
-0.00015393,-0.00023055
-0.007764,-0.01163
-0.005345,-0.0080096
-0.0098486,-0.014756
-0.0027294,-0.0040888
-0.0477,-0.071362
-0.0039483,-0.0059157
-0.0036103,-0.0054093
-0.00050031,-0.00074958
-0.0072097,-0.0108
-0.00091447,-0.0013702
-0.033112,-0.049514
-0.0041298,-0.0061865
-0.0038763,-0.0058055
-0.003741,-0.0056035
-0.00050831,-0.00076143
-0.0047698,-0.007148
-0.00067809,-0.0010158
-0.04728,-0.071506
-0.003728,-0.0055836
-0.018084,-0.027094
-0.00012358,-0.00018508
-0.00016805,-0.00025179
-0.060224,-0.10927
-0.00076526,-0.0011464
-0.00037977,-0.00056909
-0.036199,-0.054125
-0.00050846,-0.00076192
-0.00042994,-0.00064399
-0.03886,-0.058089
-0.0043676,-0.0065435
-0.00085196,-0.0012762
-0.00016993,-0.00025455
-0.012112,-0.018145
-0.0030839,-0.0046214
-0.021696,-0.032517
-0.00029003,-0.00043444
-0.066541,-0.1111
-0.0029356,-0.0043985
0.97926,0.95873
-0.00065777,-0.00098545
-0.076669,-0.12793
-0.00061122,-0.00091573
-0.00082578,-0.0012371
-0.0026706,-0.0040012
-0.016578,-0.024845
-0.072306,-0.12067
-0.00012487,-0.00018712
-0.00022794,-0.0003415
-0.014089,-0.021112
-0.019963,-0.029922
-0.0064323,-0.0096395
-0.00092672,-0.0013882
-0.00034148,-0.00051144
-0.0049404,-0.0074015
-0.012811,-0.019196
-0.00017738,-0.00026576
-0.021802,-0.032674
-0.035621,-0.053268
-0.043167,-0.064512
-0.00022173,-0.00033221
-0.0093944,-0.014072
-0.033151,-0.049644
-0.047924,-0.072474
-0.022267,-0.033361
-0.0086742,-0.012999
-0.0040478,-0.0060642
-0.00027471,-0.00041149
-0.00018768,-0.00028123
-0.0069024,-0.01034
-0.00011833,-0.00017725
-0.00060879,-0.00091229
-0.054352,-0.082222
-0.013439,-0.020133
-0.086504,-0.1443
-0.035614,-0.053219
-0.023789,-0.046048
-0.00042419,-0.00063544
-0.00083658,-0.0012532
-0.0027341,-0.0040963
-0.0010892,-0.001632
-0.0002193,-0.00032847
-0.036107,-0.053978
-0.0044621,-0.0066854
-0.015489,-0.023204
-0.00012102,-0.00018132
-0.00057213,-0.00085697
-0.00036954,-0.00055366
-0.0091668,-0.013735
-0.036673,-0.05481
-0.0011038,-0.0016534
-0.0082064,-0.012298
-0.00019787,-0.00029639
-0.00027316,-0.00040931
-0.0002477,-0.00037104
-0.025409,-0.049146
-0.003856,-0.0057783
-0.00064956,-0.00097316
-0.012908,-0.019339
-0.019413,-0.029082
-0.0038103,-0.0057081
-0.00010661,-0.00015968
-0.0010984,-0.0016454
-0.037769,-0.056445
-0.00083247,-0.0012472
-0.0021972,-0.0032908
-0.055952,-0.083985
-0.00016213,-0.00024285
-0.00058667,-0.00087872
-0.011865,-0.017773
-0.00040248,-0.00060303
-0.033114,-0.049591
-0.0067229,-0.010072
-0.044447,-0.066461
-0.00022152,-0.00033178
-0.023594,-0.045828
-0.00055904,-0.00083742
-0.00033759,-0.00050571
-0.0022422,-0.0033597
-0.024974,-0.037433
-0.00020471,-0.00030666
-0.018542,-0.027781
-0.0020243,-0.0030325
-0.013381,-0.020047
-0.0058145,-0.0087115
-0.00083189,-0.0012461
-0.016441,-0.024634
-0.0065241,-0.0097764
-0.044255,-0.066419
-0.00042567,-0.00063768
-0.0060997,-0.0091369
-0.016359,-0.02451
-0.0013437,-0.0020127
-0.011704,-0.017539
-0.057677,-0.088485
-0.00075255,-0.0011275
-0.00041994,-0.0006292
-0.00053259,-0.00079812
-0.028116,-0.042127
-0.00012349,-0.00018502
-0.00032088,-0.00048064
-0.00040213,-0.00060249
-0.003098,-0.0046416
-0.00012186,-0.00018259
-0.060899,-0.1058
-0.00020533,-0.0003077
-0.014547,-0.021797
-0.077619,-0.12948
-0.00087975,-0.0013184
-0.0003177,-0.00047587
-0.0005234,-0.00078409
0.89402,0.8663
-0.0021771,-0.0032619
-0.00038607,-0.0005784
-0.00011284,-0.00016903
-0.02143,-0.032117
-0.0023219,-0.003479
-0.0016762,-0.0025118
-0.0081247,-0.01217
-0.00055569,-0.00083257
-0.0002603,-0.00039001
-0.0015153,-0.0022709
-0.0025245,-0.0037817
-0.077174,-0.12443
-0.0079632,-0.011933
-0.0021937,-0.0032867
-0.072854,-0.12652
-0.00050861,-0.00076175
-0.0024848,-0.0037228
-0.00044909,-0.00067266
-0.0043601,-0.0065307
-0.046761,-0.070168
-0.023674,-0.035482
-0.00032994,-0.00049443
-0.013657,-0.020463
-0.0010898,-0.0016325
-0.0217,-0.03252
-0.0032861,-0.0049224
-0.00038778,-0.00058102
-0.005537,-0.0082981
-0.016104,-0.024132
-0.0012211,-0.0018288
-0.00089002,-0.0013332
-0.023064,-0.034565
-0.0014725,-0.0022062
-0.019861,-0.038709
-0.016783,-0.025145
-0.0050403,-0.0075505
-0.029651,-0.044422
-0.00077089,-0.0011547
-0.0018111,-0.0027128
-0.041386,-0.062087
-0.0036612,-0.0054865
-0.018261,-0.027366
-0.00018503,-0.00027715
-0.00082968,-0.0012429
-0.015064,-0.022574
-0.00049507,-0.00074159
-0.025396,-0.049104
-0.010397,-0.015575
-0.0070967,-0.010633
-0.00049157,-0.00073663
-0.0022148,-0.0033188
-0.00021717,-0.00032544
-0.049586,-0.074418
-0.0001114,-0.00016692
-0.023484,-0.045407
-0.00021949,-0.00032885
-0.00066718,-0.00099929
-0.00014453,-0.00021653
-0.014355,-0.02151
-0.00035631,-0.00053385
-0.00031567,-0.00047294
-0.014568,-0.021832
-0.050376,-0.091536
-0.00035511,-0.00053183
-0.0021178,-0.003172
-0.00016366,-0.00024515
-0.00063537,-0.0009519
-0.005709,-0.0085515
-0.00046142,-0.00069119
-0.04172,-0.062386
-0.00020403,-0.00030567
-0.0055279,-0.008282
-0.00031009,-0.00046447
-0.033012,-0.049331
-0.00014186,-0.00021248
-0.00037298,-0.00055874
-0.016413,-0.024592
-0.00048458,-0.00072611
-0.0059677,-0.008942
-0.034502,-0.051578
-0.001443,-0.0021625
-0.0066381,-0.0099418
-0.041874,-0.06262
-0.0014013,-0.002099
-0.059713,-0.093582
-0.0031745,-0.0047564
-0.0001103,-0.00016527
-0.00016293,-0.00024403
-0.01952,-0.029246
-0.00056294,-0.00084345
-0.052563,-0.079512
-0.00072136,-0.001081
-0.00092757,-0.0013894
-0.01953,-0.029271
-0.015461,-0.023162
-0.0086639,-0.01298
-0.00047797,-0.00071614
-0.043602,-0.065225
-0.0037108,-0.0055596
-0.070056,-0.10751
-0.00015895,-0.00023807
-0.00020909,-0.00031333
-0.044169,-0.080328
-0.0029995,-0.0044949
-0.085294,-0.14232
-0.0003862,-0.00057866
-0.05006,-0.075132
-0.00053634,-0.00080335
-0.0039867,-0.0059743
-0.05048,-0.075516
-0.00034874,-0.00052249
-0.0029301,-0.0043898
-0.0066779,-0.010003
-0.00039738,-0.00059523
-0.00073117,-0.0010955
-0.023227,-0.034792
-0.0014155,-0.0021203
-0.022779,-0.03412
-0.00010807,-0.00016191
-0.00802,-0.012012
-0.0013655,-0.0020462
-0.00013155,-0.00019709
-0.049882,-0.07652
-0.0051739,-0.0077523
-0.0035072,-0.0052548
-0.025866,-0.038734
-0.01984,-0.02972
-0.00014463,-0.00021663
-0.00082584,-0.0012373
-0.0022303,-0.0033416
-0.00077139,-0.0011554
-0.034416,-0.051421
-0.019448,-0.029144
-0.00050298,-0.00075361
-0.00071192,-0.0010664
-0.068426,-0.11417
-0.0017459,-0.0026158
-0.00018616,-0.00027888
-0.0011952,-0.0017905
-0.00013771,-0.00020633
-0.074293,-0.12894
-0.028823,-0.043153
-0.00016231,-0.00024311
-0.0027891,-0.004179
-9.7825e-05,-0.00014656
-0.0022898,-0.0034309
-0.00051255,-0.00076797
-0.0037206,-0.0055755
-0.00024149,-0.00036173
-0.061565,-0.094461
-0.0010094,-0.0015124
-0.001537,-0.0023025
-0.021071,-0.031575
-0.00083863,-0.0012565
-0.069012,-0.10588
-0.00057395,-0.0008599
-0.00086887,-0.0013015
-0.00054258,-0.00081281
-0.03256,-0.048733
-0.039853,-0.05957
-0.00036431,-0.00054583
-0.024323,-0.036457
-0.03539,-0.052889
-0.0016012,-0.0023994
-0.00091237,-0.0013669
-0.016056,-0.024058
-0.00092409,-0.0013843
-0.0031544,-0.0047245
-0.019828,-0.029707
-0.0061428,-0.0092049
-0.014383,-0.021552
-0.005249,-0.0078621
-0.00077118,-0.0011552
-0.017348,-0.025988
-0.029672,-0.044446
-0.010647,-0.015948
-0.0085402,-0.012791
-0.017855,-0.026748
-0.0041231,-0.0061784
-0.042476,-0.063539
-0.061733,-0.09675
-0.00078724,-0.0011796
-0.01589,-0.023811
-0.00038818,-0.00058151
-0.0010135,-0.0015185
-0.00025863,-0.00038749
-0.0031592,-0.004734
-0.0041184,-0.0061684
-0.0032349,-0.0048467
-0.0069934,-0.010475
-0.00052472,-0.00078596
-0.025468,-0.038167
-0.0084581,-0.012672
-0.0039468,-0.0059115
-0.047556,-0.086562
-0.00027821,-0.0004168
-0.016371,-0.024525
-0.00055171,-0.00082642
-0.00035726,-0.00053524
-0.0020207,-0.0030268
-0.027578,-0.041334
-0.00036146,-0.00054139
-0.018159,-0.027209
-0.00039469,-0.00059132
-0.00088165,-0.0013206
-0.012258,-0.018366
-0.00030636,-0.00045895
-0.0011214,-0.0016801
-0.0018824,-0.0028203
-0.00072331,-0.0010838
-0.045458,-0.068741
-0.029652,-0.044434
-0.00020211,-0.00030282
-0.0064253,-0.0096264
-0.001566,-0.0023459
-0.00012726,-0.00019068
-0.00010516,-0.00015753
-0.0024832,-0.003721
-0.00015751,-0.000236
-0.00056738,-0.00085014
-0.00062274,-0.00093278
-0.00067979,-0.0010184
-0.02017,-0.030227
-0.00021583,-0.00032323
-0.00013712,-0.00020543
-0.00010552,-0.00015807
-0.061903,-0.099808
-0.00019851,-0.00029733
-0.00067816,-0.0010161
-0.074354,-0.11654
-0.079473,-0.12812
-0.0090649,-0.01358
-0.00021883,-0.00032777
-0.00011516,-0.00017252
-0.0085988,-0.012878
-0.019186,-0.037361
-0.00078157,-0.0011707
-0.029807,-0.044565
-0.001008,-0.0015102
-0.0020873,-0.0031264
-0.00087359,-0.0013089
-0.00038918,-0.00058294
-0.057231,-0.089696
-0.0013644,-0.0020447
-0.0004646,-0.00069602
-0.00061584,-0.00092265
-0.02388,-0.035773
-0.027216,-0.05258
-0.02017,-0.030219
-0.023318,-0.034949
-0.00068349,-0.0010242
-0.02372,-0.035545
-0.00164,-0.0024563
-0.0001716,-0.00025712
-0.059466,-0.089979
-0.021497,-0.032212
-0.023211,-0.034774
-0.019226,-0.028808
-0.00023979,-0.00035934
-0.00054585,-0.00081789
-0.00029441,-0.00044116
-0.0073237,-0.010974
-0.024495,-0.036707
-0.0036303,-0.0054381
-0.0070453,-0.010556
-0.00019614,-0.00029377
-0.011907,-0.017837
-0.0015139,-0.0022677
-0.00016991,-0.00025452
-0.062654,-0.10457
-0.062642,-0.09611
-0.063733,-0.10637
-0.00071175,-0.0010664
-0.0090856,-0.01361
-0.077761,-0.13497
-0.035624,-0.053269
-0.03827,-0.057216
-0.00014373,-0.00021529
-0.00045671,-0.00068425
-0.0016425,-0.0024611
-0.0081814,-0.012257
-0.0055432,-0.0083068
-0.029432,-0.044097
-0.0068006,-0.010186
1.0773,0.9552
-0.053069,-0.079664
-0.00016094,-0.00024119
-0.00096088,-0.0014398
-0.0065261,-0.0097757
-0.00018471,-0.00027674
-0.00054333,-0.00081411
-0.008829,-0.013228
-0.00010549,-0.00015805
-0.00085673,-0.0012835
-0.03273,-0.049025
-0.0031728,-0.0047535
-0.041541,-0.062326
-0.038529,-0.057599
-0.011011,-0.016495
-0.0022716,-0.0034036
-0.0043963,-0.0065859
-0.061894,-0.10745
-0.0275,-0.052912
-0.0047724,-0.0071518
-0.00032084,-0.00048072
-0.0062705,-0.0093936
-0.0036085,-0.0054075
-0.048917,-0.073983
-0.034445,-0.051557
-0.057061,-0.087543
-0.040338,-0.060292
-0.00013463,-0.00020164
-0.00058428,-0.00087506
-0.026429,-0.051108
-0.033073,-0.049483
-0.0043493,-0.0065173
-0.02706,-0.04052
-0.0013528,-0.0020267
-0.057314,-0.10397
-0.057325,-0.086724
-0.0042822,-0.0064134
-0.0033225,-0.004978
-0.0049712,-0.0074479
-0.010541,-0.015789
-0.00080944,-0.0012128
-0.0082277,-0.012327
-0.076445,-0.13272
-0.00054087,-0.00081017
-0.00025039,-0.00037515
-0.057572,-0.090229
-0.014894,-0.022316
-0.0071588,-0.010727
-0.00013739,-0.00020584
-0.00016093,-0.0002411
-0.0023293,-0.0034889
-0.00011781,-0.00017654
-0.01375,-0.020599
-0.011033,-0.016528
-0.020083,-0.030096
-0.034932,-0.052289
-0.0006927,-0.0010377
-0.009007,-0.013494
-0.0029226,-0.0043777
-0.004219,-0.006321
-0.013534,-0.020273
-0.0009174,-0.0013745
-0.0049889,-0.0074758
-0.0029194,-0.0043745
-0.045432,-0.068715
-0.00057753,-0.00086506
-0.00030074,-0.00045044
-0.00068118,-0.0010206
-0.022444,-0.033638
-0.0019437,-0.002912
-0.00031642,-0.0004741
-0.040198,-0.060068
-0.0029867,-0.0044754
-0.062547,-0.10086
-0.058445,-0.10149
-0.00016769,-0.00025124
-0.0041636,-0.0062386
-0.016211,-0.024286
-0.0085897,-0.012867
-0.041004,-0.061316
-0.0046611,-0.0069833
-0.00091053,-0.0013641
-0.0025274,-0.0037863
-0.01961,-0.029388
-0.0072337,-0.010838
-0.0045413,-0.0068054
-0.015999,-0.023968
-0.00030977,-0.00046402
-0.01807,-0.027083
-0.0001192,-0.00017854
-0.0012128,-0.0018165
-0.00025227,-0.00037804
-0.00024472,-0.00036653
-0.0022655,-0.0033938
-0.012234,-0.018333
-0.020723,-0.031051
-0.0030328,-0.0045438
-0.0019249,-0.0028834
-0.049154,-0.073512
-0.0071791,-0.010756
-0.013922,-0.020859
-0.073776,-0.11894
-0.0024879,-0.0037276
-0.00025039,-0.00037509
-0.0013406,-0.0020082
-0.00072193,-0.0010818
-0.00047795,-0.00071592
-0.0094079,-0.014096
-0.016503,-0.024727
-0.071666,-0.11556
-0.00020057,-0.00030053
-0.00057535,-0.00086206
-0.053325,-0.09687
-0.0067765,-0.010151
-0.00010711,-0.00016044
-0.00068229,-0.0010221
-0.0019848,-0.0029739
-0.000595,-0.00089141
-0.05724,-0.086583
-0.0055601,-0.0083317
-0.0031108,-0.00466
-0.0088906,-0.013322
-0.0010608,-0.0015894
-0.0016362,-0.0024509
-0.016365,-0.02452
-0.0040538,-0.0060733
-0.0050764,-0.0076052
-0.00062588,-0.00093792
-0.049995,-0.075019
-0.0040389,-0.0060513
-0.0012506,-0.0018733
-0.0010296,-0.0015427
-0.00042408,-0.00063519
-0.00090701,-0.0013592
-0.034263,-0.051278
-0.047033,-0.070342
-0.00057512,-0.00086163
-0.00019725,-0.0002956
-0.0013043,-0.0019542
0.83517,1.0762
-0.0066908,-0.010023
-0.011073,-0.016594
-0.015751,-0.023599
-0.031315,-0.046895
-0.00059976,-0.00089831
-0.0045044,-0.006749
-0.0052984,-0.0079394
-0.015935,-0.023876
-0.0083915,-0.012573
-0.00028933,-0.00043355
-0.0024491,-0.0036687
-0.0019561,-0.00293
-0.00046849,-0.00070171
-0.0065997,-0.0098861
-0.0037943,-0.0056832
-0.033656,-0.05037
-0.00016329,-0.00024469
-0.010379,-0.015546
-0.00017401,-0.00026073
-0.00184,-0.0027574
-0.0713,-0.11175
-0.0057733,-0.0086466
-0.0030481,-0.0045678
-0.00011935,-0.00017885
-0.02261,-0.033889
-0.0023559,-0.0035283
-0.001228,-0.0018394
-0.0006547,-0.00098103
-0.00032073,-0.00048052
-0.067621,-0.11746
-0.00047497,-0.00071144
-0.0034105,-0.0051091
-0.00054877,-0.00082229
-0.047407,-0.070903
-0.039536,-0.059123
-0.0061065,-0.0091475
-0.0011178,-0.0016751
-0.0019682,-0.0029487
-0.00055922,-0.00083807
-0.034137,-0.051048
-0.0017703,-0.0026526
-0.0035339,-0.0052945
-0.0055083,-0.008252
-0.027117,-0.040635
-0.0048893,-0.0073261
-0.064185,-0.098474
-0.075541,-0.13113
-0.00018143,-0.00027188
-0.034289,-0.051232
-0.00064451,-0.00096568
-0.00014178,-0.00021235
-0.0025828,-0.0038687
-0.018277,-0.027385
-0.062934,-0.096562
-0.011486,-0.017207
-0.024444,-0.047072
-0.00032806,-0.0004916
-0.013961,-0.020919
-0.0097199,-0.014565
-0.00055633,-0.00083372
-0.077143,-0.12436
-0.0089924,-0.013476
-0.0002486,-0.00037254
-0.00023414,-0.00035075
-0.0043733,-0.0065526
-0.0042848,-0.0064206
-0.00019917,-0.00029841
-0.0029117,-0.0043633
-0.0021487,-0.0032201
-0.00064497,-0.00096645
-0.024012,-0.046256
-0.068994,-0.11517
-0.00099633,-0.0014923
-9.3044e-05,-0.00013938
-0.059314,-0.10775
-0.0008234,-0.0012337
-0.00014864,-0.00022275
-0.029982,-0.044823
-0.00037096,-0.00055576
-0.016609,-0.024881
-0.014137,-0.021178
-0.0054842,-0.0082168
-0.055004,-0.082549
-0.063412,-0.11018
-0.0023072,-0.0034561
-0.019338,-0.028985
-0.00027961,-0.00041899
-0.00041051,-0.0006149
-0.00055183,-0.00082695
-0.00075101,-0.0011251
-0.070996,-0.12326
-0.022277,-0.043328
-0.0037678,-0.0056443
-0.045711,-0.083173
-0.010701,-0.016032
-0.032194,-0.04814
-0.00024651,-0.00036925
-0.0016241,-0.0024334
-0.083985,-0.1354
-0.068068,-0.11826
-0.012689,-0.01901
-0.0014587,-0.0021854
-0.00044722,-0.00067009
-0.0057723,-0.0086487
-0.0012961,-0.0019411
-0.00031632,-0.0004739
-0.0021576,-0.0032334
-0.00017578,-0.0002634
-0.0065715,-0.0098424
-0.00015284,-0.00022899
-0.0075079,-0.011247
-0.0045999,-0.0068923
-0.0054921,-0.0082283
-0.0047989,-0.007188
-0.055383,-0.084962
-0.056452,-0.10245
-0.00041648,-0.00062388
-0.080087,-0.1291
-0.0005658,-0.00084787
-0.00064096,-0.00095999
-0.00030592,-0.00045844
-0.044444,-0.066422
-0.0071744,-0.010746
-0.002408,-0.0036085
-0.00045726,-0.00068508
-0.0022548,-0.0033781
-0.0005437,-0.00081466
-0.00039908,-0.00059793
-0.00099256,-0.0014872
-0.063902,-0.10015
-0.00036215,-0.0005426
-0.0024706,-0.0037011
-0.0012763,-0.0019121
-0.062557,-0.095996
-0.02137,-0.03203
-0.060785,-0.093246
-0.00045212,-0.00067734
-0.00015503,-0.00023228
-0.00052805,-0.00079118
-0.0017172,-0.0025725
0.92614,1.0512
-0.0078513,-0.011766
-0.00017911,-0.00026829
-0.056105,-0.086066
-0.0068449,-0.010255
-0.0060168,-0.0090148
-0.056031,-0.10175
-0.00059942,-0.00089796
-0.017277,-0.02589
-0.028797,-0.04315
-0.024566,-0.036811
-0.00099374,-0.0014884
-0.019397,-0.02906
-0.00023704,-0.0003552
-0.011089,-0.01661
-0.032455,-0.048516
-0.015566,-0.023327
-0.00013652,-0.00020446
-0.0005395,-0.00080833
-0.00099665,-0.0014928
-0.0011163,-0.0016725
-0.01277,-0.019136
-0.0038725,-0.0058018
1.1143,1.1116
-0.00050617,-0.00075856
-0.0029706,-0.0044511
-0.014883,-0.022298
-0.082044,-0.13685
-0.00039105,-0.00058575
-0.019965,-0.029916
-0.0027088,-0.0040569
-0.0004409,-0.00066058
-0.022635,-0.033928
-0.00063881,-0.00095698
-0.0036885,-0.0055257
-0.0039031,-0.0058478
-0.00021983,-0.00032934
-0.00015672,-0.00023474
-0.0021102,-0.0031617
-0.00011274,-0.00016891
-0.0034038,-0.0050991
-0.065414,-0.11361
-0.00075753,-0.0011346
-0.026872,-0.040234
-0.080513,-0.12979
-0.0047307,-0.007085
-0.024349,-0.036496
-0.00020884,-0.00031294
-0.01415,-0.021194
-0.013517,-0.020255
-0.082344,-0.13734
-0.0029164,-0.0043683
-0.00046651,-0.00069894
-0.0018268,-0.0027368
-0.00018681,-0.00027995
-0.054348,-0.081573
-0.00011777,-0.0001764
-0.0030632,-0.0045895
-0.0073043,-0.010941
-0.0051192,-0.0076687
-0.0010747,-0.0016105
-0.00034769,-0.00052079
-0.0087675,-0.013135
-0.0095834,-0.014362
-0.0027369,-0.0041006
-0.00036718,-0.00055002
-0.00040273,-0.0006035
-0.00014989,-0.00022457
-0.025621,-0.049591
-0.044837,-0.067065
-0.00012333,-0.00018475
-0.0032146,-0.0048175
-0.0016535,-0.0024773
-0.014109,-0.021143
-0.01067,-0.015982
-0.042933,-0.064207
-0.0012034,-0.001803
-0.0058461,-0.0087612
-0.00050529,-0.00075706
-0.00068206,-0.0010219
-0.00011178,-0.00016747
-0.057469,-0.10432
-0.024466,-0.036657
-0.082846,-0.13824
-0.00041675,-0.00062417
-0.025324,-0.037939
-0.040356,-0.060342
-0.042738,-0.064116
-0.013245,-0.019847
-0.078987,-0.13182
-0.013402,-0.020078
-0.0027245,-0.004081
-0.00032869,-0.00049234
-0.073044,-0.11778
-0.0024022,-0.0035989
-0.0024773,-0.0037117
-0.060052,-0.10434
-0.0025232,-0.0037812
-0.069304,-0.11174
-0.077885,-0.12207
-0.00021967,-0.00032902
-0.0002015,-0.00030192
-0.00033224,-0.00049762
-0.00080189,-0.0012011
-0.025275,-0.037867
-0.027292,-0.052625
-0.046589,-0.069908
-0.0010126,-0.0015174
-0.00081468,-0.0012203
-0.048995,-0.073537
-0.0029319,-0.0043926
-0.011807,-0.017685
-0.00099429,-0.0014894
-0.016524,-0.024759
-0.00028197,-0.00042254
-0.050161,-0.091196
-0.00038958,-0.00058377
-0.052979,-0.081271
0.81531,1.0146
-0.0097769,-0.014651
-0.00085496,-0.0012808
-0.0021266,-0.0031854
-0.022131,-0.033164
-0.0019278,-0.0028883
-0.00049948,-0.0007485
-0.00029622,-0.00044379
-0.0001024,-0.00015339
-0.00017027,-0.00025512
-0.019335,-0.028968
-0.00056756,-0.00085022
-0.02461,-0.036881
-0.023958,-0.035905
-0.0001849,-0.00027701
-0.00020735,-0.00031071
-0.0036969,-0.0055402
-0.00065457,-0.00098044
-0.0030541,-0.0045751
-0.04755,-0.071076
-0.014344,-0.021488
-0.017557,-0.026309
-0.0027522,-0.0041227
-0.0040181,-0.0060185
-0.041129,-0.061463
-0.0039098,-0.0058592
-0.016437,-0.024626
-0.010184,-0.015256
-0.0028554,-0.0042766
0.97477,0.82214
-0.0050695,-0.0075969
-0.00075725,-0.0011344
-0.018335,-0.027477
-0.00020514,-0.0003073
-0.01977,-0.029617
-0.0023873,-0.0035759
-0.0016629,-0.0024915
-0.0085992,-0.012884
-0.012203,-0.018284
-0.03191,-0.047755
-0.060674,-0.11019
-0.0064358,-0.0096446
-0.00043826,-0.00065673
-0.003291,-0.0049309
-0.070379,-0.11743
-0.0012861,-0.0019264
-0.0024355,-0.0036478
-0.00013336,-0.00019981
-0.0023896,-0.0035793
-0.073848,-0.12328
-0.00080986,-0.0012134
-0.003004,-0.0045018
-0.01822,-0.027306
-0.015861,-0.02376
-0.0042107,-0.0063086
-0.00022927,-0.00034338
-0.00013378,-0.00020047
-0.030782,-0.046059
-0.0003402,-0.00050979
-0.00052058,-0.00077992
-0.0002988,-0.00044772
-0.05224,-0.079013
-0.0081828,-0.012258
-0.0020015,-0.0029978
-0.00025328,-0.00037934
-0.0052966,-0.0079339
-0.00030019,-0.0004498
-0.00058642,-0.0008786
-0.075142,-0.13038
-0.0045502,-0.0068162
-0.012024,-0.01801
-0.0063344,-0.0094873
-0.016072,-0.024083
0.83213,0.95227
-0.0001329,-0.00019914
-0.037104,-0.055529
-0.0079921,-0.011971
-0.026058,-0.039059
-0.0048603,-0.0072822
-0.0022213,-0.0033281
-0.00044854,-0.00067203
-0.037726,-0.056406
-0.00050583,-0.00075783
-0.0024372,-0.0036508
-0.063196,-0.095618
-0.0041187,-0.0061699
-0.010344,-0.015497
-0.00080779,-0.0012103
-0.068097,-0.1098
-0.00023675,-0.00035458
-0.00036008,-0.00053935
-0.033359,-0.049965
-0.00031771,-0.00047603
-0.0020562,-0.0030802
-0.00026626,-0.00039899
-0.00082097,-0.0012302
-0.023653,-0.035411
-0.060943,-0.093506
0.86794,1.0273
-0.010496,-0.015726
-0.024104,-0.036102
-0.00012038,-0.00018031
-0.00053201,-0.00079707
-0.0013624,-0.0020413
-0.078308,-0.13596
-0.0020796,-0.0031158
-0.014631,-0.021916
-0.0044689,-0.0066968
-0.034642,-0.05185
-0.0017977,-0.0026936
-0.045787,-0.068486
-0.024976,-0.037431
0.91414,0.92932
-0.079622,-0.1381
-0.0084814,-0.012708
-0.0049159,-0.0073662
-0.0019653,-0.0029437
-0.025137,-0.048562
-0.00032747,-0.0004906
-0.00015226,-0.00022817
-0.00041031,-0.00061472
-0.0016351,-0.0024491
-0.054904,-0.084225
-0.002188,-0.0032782
-0.0054682,-0.0081928
-0.004379,-0.006562
-0.0049187,-0.0073682
-0.00097497,-0.0014604
-0.020493,-0.030716
-0.006741,-0.0101
-0.0043009,-0.006442
-0.013152,-0.0197
-0.013377,-0.020046
-0.032798,-0.049082
-0.022434,-0.043417
-0.0071414,-0.010697
-0.0027368,-0.0041007
-0.0028454,-0.0042634
-0.00024806,-0.00037166
-0.018042,-0.027039
-0.067076,-0.11193
-0.05053,-0.091754
-0.0020409,-0.0030577
-0.017624,-0.026409
-0.0063771,-0.009555
-0.0097769,-0.01465
-0.00014859,-0.00022262
-0.036072,-0.053938
-0.062162,-0.097421
-0.0039238,-0.0058803
-0.018418,-0.027599
-0.015411,-0.023091
-0.0040852,-0.00612
-0.042412,-0.07719
-0.00017786,-0.00026647
-0.006594,-0.0098765
-0.0006726,-0.0010079
-0.00016444,-0.00024637
0.89178,1.1183
-0.00025062,-0.00037558
-0.0020384,-0.003054
-0.0044833,-0.0067156
-0.00088635,-0.0013279
-0.064002,-0.10685
-0.0032667,-0.0048948
-0.00012422,-0.00018607
-0.00012307,-0.00018433
-0.026274,-0.039374
-0.0569,-0.0873
-0.00017792,-0.00026663
-0.040446,-0.060477
-0.00014573,-0.00021832
-0.00051327,-0.00076894
-0.014482,-0.021694
-0.0013353,-0.002
-0.00022708,-0.00034027
-0.052628,-0.078995
-0.007936,-0.01189
-0.0051393,-0.0076999
-0.00027689,-0.00041495
-0.0063151,-0.0094621
-0.0029745,-0.0044557
-0.019223,-0.028807
-0.00044127,-0.00066109
-0.064251,-0.11161
-0.024717,-0.047906
-0.047502,-0.071064
-0.013509,-0.020244
-0.00058338,-0.00087409
-0.066256,-0.10384
-0.0074355,-0.01114
-0.032784,-0.049009
-0.00028346,-0.00042468
-0.00014683,-0.00022001
-0.084239,-0.1358
-0.00023101,-0.00034617
-0.0066682,-0.009993
-0.011753,-0.017613
-0.0025297,-0.0037904
-9.9064e-05,-0.00014841
-0.00018239,-0.00027328
-0.00018934,-0.00028363
-0.0011822,-0.0017716
-0.00075376,-0.0011291
-0.001493,-0.0022372
-0.00014874,-0.00022286
-0.0021888,-0.003279
-0.0070381,-0.010543
-0.0003734,-0.00055958
-0.0074085,-0.011099
-0.0026201,-0.0039255
-0.0002864,-0.00042913
-0.0084178,-0.012608
-0.00074416,-0.0011152
-0.0069977,-0.010481
-0.027595,-0.041338
-0.0010616,-0.0015907
-0.0003278,-0.00049114
-0.0010117,-0.0015162
-0.00015215,-0.00022791
-0.0012,-0.0017975
-0.011999,-0.017975
-0.0018565,-0.0027805
-0.0022657,-0.0033934
-0.0064671,-0.0096906
-0.0033863,-0.0050723
-0.00021968,-0.00032912
-0.011045,-0.016549
-0.059257,-0.10752
-0.0026399,-0.0039541
-0.000439,-0.00065758
-0.024173,-0.036186
-0.0057988,-0.0086856
-0.00039146,-0.00058649
-0.066222,-0.10379
-0.00024866,-0.00037247
-0.00013651,-0.00020457
-0.03089,-0.046231
-0.00015082,-0.00022601
-0.00021814,-0.00032688
-0.041193,-0.06157
-0.00011136,-0.00016679
-0.050886,-0.07697
-0.00011284,-0.00016904
-0.0043993,-0.0065915
-0.00049082,-0.00073537
-0.027044,-0.040522
-0.0096231,-0.014421
-0.0032253,-0.004833
-0.00011244,-0.00016843
-0.082002,-0.13677
-0.00025522,-0.00038245
-0.022436,-0.043404
-0.044231,-0.066119
-0.017109,-0.025637
-0.00081155,-0.0012155
-0.00033684,-0.00050466
-0.0016519,-0.0024754
-0.0032997,-0.0049444
-0.020829,-0.031205
-0.078937,-0.13173
-0.027119,-0.04063
-0.055539,-0.083352
-0.026814,-0.040165
-0.00056704,-0.00084949
-0.022715,-0.034039
-0.011067,-0.016585
-0.020991,-0.03146
-0.069945,-0.12134
-0.0036359,-0.0054476
-0.058363,-0.089546
-0.0034823,-0.0052161
-0.00182,-0.0027267
-0.018096,-0.027114
-0.071209,-0.1116
-0.003237,-0.0048497
-0.00050837,-0.00076154
-0.00070194,-0.0010516
-0.00048653,-0.00072874
-0.021387,-0.032053
-0.0051678,-0.0077407
-0.038501,-0.057569
-0.0020047,-0.003004
-0.013193,-0.019768
-0.00010885,-0.00016304
-0.0043532,-0.0065205
-0.060076,-0.090875
-0.031221,-0.046731
-0.017904,-0.026824
-0.0016947,-0.0025388
-0.00035905,-0.00053804
-0.0078936,-0.011828
-0.060052,-0.092121
-0.00017398,-0.00026064
-0.018411,-0.027584
-0.038331,-0.05729
-0.031564,-0.047269
-0.024416,-0.036584
-0.02002,-0.029996
-0.00013772,-0.0002063
-0.0060739,-0.0091006
-0.00015149,-0.00022696
-0.0008085,-0.0012114
-0.0061242,-0.0091774
-0.0017604,-0.0026381
-0.0022111,-0.0033118
-0.00043263,-0.00064804
-0.00078649,-0.0011781
-0.002765,-0.004142
-0.009219,-0.013815
-0.0021473,-0.0032171
-0.00080862,-0.0012111
-0.00031454,-0.00047111
-0.048976,-0.073519
-0.0012301,-0.0018427
-0.014825,-0.022212
-0.050799,-0.077927
1.0142,1.1989
-0.047235,-0.085974
-0.02006,-0.030057
-0.00020198,-0.00030255
-0.058773,-0.10208
-0.000351,-0.00052591
-0.036559,-0.054712
-0.070853,-0.10872
-0.030238,-0.045285
-0.027244,-0.040757
-0.074828,-0.11728
-0.016455,-0.024657
-0.00035262,-0.00052839
-0.0048908,-0.0073254
-0.033384,-0.049961
-0.00027963,-0.00041889
-0.0005526,-0.00082789
-0.071162,-0.12358
0.82742,0.90321
-0.0003664,-0.000549
-0.068371,-0.10716
-0.010804,-0.016188
-0.007562,-0.011329
-0.016269,-0.02437
-0.006307,-0.0094472
-0.00027063,-0.00040547
-0.0034346,-0.0051444
-0.0021712,-0.003252
-0.026065,-0.050194
-0.00036749,-0.0005506
-0.00010927,-0.00016371
-0.0114,-0.017079
-0.017781,-0.026647
-0.045738,-0.068629
-0.0001756,-0.000263
-0.00023561,-0.00035302
-0.00016795,-0.00025161
-0.0011116,-0.001665
-0.0033637,-0.0050411
-0.047718,-0.086839
-0.0056555,-0.008472
-0.0044051,-0.0066006
-0.037808,-0.056509
-0.0011438,-0.0017136
-0.0006871,-0.0010295
-0.016761,-0.025111
-0.0015943,-0.0023891
-0.00031189,-0.00046724
-0.0048662,-0.0072923
-0.0034112,-0.0051112
-0.012267,-0.018379
-0.00082961,-0.0012432
-0.0013589,-0.0020358
-0.068805,-0.11486
-0.00020581,-0.00030834
-0.022591,-0.043922
-0.0059849,-0.0089645
-0.0014867,-0.0022277
-0.011989,-0.017964
-0.00074102,-0.00111
-0.0019813,-0.002968
-0.0041775,-0.0062589
-0.00015297,-0.00022914
-0.0080473,-0.012058
-0.01443,-0.021619
-0.0023461,-0.0035156
-0.033047,-0.049455
-0.031947,-0.04784
-0.01677,-0.025127
-0.0018562,-0.0027807
0.99953,0.88804
-0.0020359,-0.0030502
-0.0030074,-0.0045058
-0.0092312,-0.013834
-0.035532,-0.053131
-0.00088254,-0.0013219
-0.0012059,-0.0018069
-0.069906,-0.10956
-0.0023542,-0.0035273
-0.004518,-0.0067689
-0.0097542,-0.014614
-0.0010126,-0.001517
-0.0093443,-0.014
-0.00046011,-0.00068923
-0.026465,-0.039654
-0.019072,-0.02857
-0.0039794,-0.0059614
-0.024324,-0.03645
-0.059355,-0.089789
-0.013088,-0.01961
-0.05355,-0.097297
-0.00048206,-0.0007224
-0.00018845,-0.00028227
-0.0001068,-0.00016003
-0.0072344,-0.010836
-0.0025579,-0.003832
-0.055946,-0.084621
-0.00089953,-0.0013473
-0.0076769,-0.011503
-0.00061336,-0.00091894
-0.0013128,-0.0019671
-0.0010104,-0.0015138
-0.0060463,-0.0090587
-0.026191,-0.039221
-0.0011959,-0.0017917
-0.0074752,-0.011202
-0.0032191,-0.0048236
-0.0049027,-0.0073458
-0.00087557,-0.0013118
-0.00013859,-0.00020761
-0.00016008,-0.00023975
-0.0026208,-0.0039265
-0.071778,-0.11977
-0.00064218,-0.00096229
-0.0004496,-0.00067369
-0.023123,-0.044591
-0.0018759,-0.0028102
-0.029489,-0.044076
-0.00014228,-0.00021314
-0.00041524,-0.00062225
-0.021775,-0.03262
-0.019596,-0.029365
-0.044669,-0.066778
-0.00015301,-0.00022924
-0.01094,-0.016391
-0.0060894,-0.0091249
-0.013635,-0.020432
-0.00013922,-0.00020854
-0.035087,-0.052475
-0.0084548,-0.012666
-0.002247,-0.0033662
-0.085046,-0.1419
-0.045743,-0.068405
-0.0010457,-0.0015666
-0.00018903,-0.00028326
-0.00028162,-0.00042201
-0.0036455,-0.0054625
-0.065076,-0.10199
-0.012931,-0.019378
-0.0087102,-0.013053
-0.00010939,-0.00016384
-0.053515,-0.097299
-0.060996,-0.095595
-0.0097551,-0.014614
-0.049548,-0.074932
-0.0015638,-0.0023423
-0.0039405,-0.0059023
-0.0094106,-0.014098
-0.01254,-0.018783
-0.019642,-0.029425
-0.021111,-0.03164
-0.0071103,-0.010655
-0.0039821,-0.0059663
-0.00035262,-0.00052813
-0.010484,-0.015704
-0.0057161,-0.0085647
-0.0054717,-0.0081961
-0.0070222,-0.010523
-0.054671,-0.099406
-0.0030297,-0.0045388
-0.026628,-0.051525
-0.0032339,-0.0048438
-0.032911,-0.049244
-0.0082944,-0.012425
-0.014974,-0.022434
-0.00042012,-0.00062934
-0.00089322,-0.0013383
-0.078414,-0.13083
-0.028768,-0.043112
-0.022244,-0.03334
-0.022961,-0.044363
-0.027395,-0.041045
-0.016923,-0.025354
-0.0041587,-0.0062321
-0.021664,-0.042033
-0.00041202,-0.00061721
1.1007,1.0668
-0.005523,-0.008275
-0.027375,-0.041028
-0.023371,-0.035012
-0.089124,-0.14368
-0.0031676,-0.0047448
-0.064274,-0.098621
-0.032483,-0.048536
-0.00013265,-0.00019876
-0.0017804,-0.0026673
-0.077806,-0.12195
-0.0012332,-0.0018477
-0.00033764,-0.00050587
-0.0050439,-0.0075552
-0.068875,-0.11949
-0.011787,-0.017656
-0.0011815,-0.0017707
-0.0012401,-0.0018579
-0.00033617,-0.00050365
-0.0016555,-0.0024803
-0.00018151,-0.00027186
-0.032658,-0.048787
-0.0074444,-0.011151
-0.0021236,-0.0031821
-0.00036798,-0.00055116
-0.0025488,-0.0038182
-0.040975,-0.061487
-0.0064841,-0.0097123
-0.013188,-0.019759
-0.0077836,-0.011657
-0.078118,-0.12244
-0.012189,-0.018261
-0.0017973,-0.0026928
-0.00070052,-0.0010495
-0.00086599,-0.0012976
-0.00031473,-0.00047142
-0.0087155,-0.01306
-0.00023459,-0.00035145
-0.0058537,-0.0087714
-0.012752,-0.019109
-0.070861,-0.10873
-0.0005637,-0.00084434
-0.067238,-0.10842
-0.00053638,-0.00080374
-0.0041328,-0.0061905
-0.00075415,-0.0011302
-0.022021,-0.033005
-0.0061341,-0.0091873
-0.0049373,-0.0073959
-0.00024496,-0.00036702
-0.00044794,-0.00067091
-0.00011303,-0.00016937
-0.0051531,-0.0077213
-0.057225,-0.087801
-0.0010589,-0.0015861
-0.065436,-0.1004
-0.00035726,-0.00053538
-0.0026774,-0.0040115
-0.00021704,-0.00032525
-0.014387,-0.021551
-0.022472,-0.033678
-0.00032338,-0.00048448
-0.0047958,-0.0071863
-0.0006497,-0.00097364
-0.0052514,-0.007868
-0.00028758,-0.00043088
-0.074241,-0.12892
-0.025473,-0.038137
-0.00032725,-0.00049028
-0.037199,-0.05562
-0.00036959,-0.00055353
-0.00061784,-0.00092592
-0.0040074,-0.0060023
-0.00060482,-0.00090619
-0.0024886,-0.0037287
-0.00026291,-0.00039382
-0.062736,-0.096247
-0.0012321,-0.0018459
-0.042562,-0.063858
-0.012058,-0.018063
-0.0017927,-0.0026859
-0.00059752,-0.00089504
-0.0086427,-0.012949
-0.044948,-0.067192
-0.086169,-0.14372
-0.0002314,-0.00034672
-0.0002764,-0.00041409
-0.00040695,-0.00060979
-0.0045125,-0.0067625
-0.0017723,-0.0026547
-0.0014219,-0.0021297
-0.013864,-0.020769
-0.069691,-0.10922
-0.00068545,-0.0010268
-0.01975,-0.038381
-0.021141,-0.041073
-0.060905,-0.10584
-0.00017645,-0.00026438
-0.00046412,-0.00069551
-0.04448,-0.067267
-0.0020067,-0.0030059
-0.0001101,-0.00016496
-0.070111,-0.10988
-0.00015202,-0.00022775
-0.0097635,-0.014629
-0.0080547,-0.012066
-0.0021326,-0.0031939
-0.0026925,-0.0040332
-0.0012263,-0.0018372
-0.029198,-0.043727
-0.00021511,-0.00032221
-0.00029286,-0.00043887
-0.0046338,-0.0069415
-0.00098797,-0.0014804
-0.004073,-0.0061022
-0.0041593,-0.0062311
-0.0026455,-0.0039626
-0.0040106,-0.0060077
-0.00013934,-0.00020869
-0.015627,-0.023413
-0.00034204,-0.00051248
-0.0163,-0.024423
-0.00013185,-0.00019754
-0.022051,-0.033044
-0.00015816,-0.00023697
0.88719,0.91865
-0.072967,-0.12658
-0.041216,-0.061843
-0.0047533,-0.0071217
-0.00050355,-0.00075463
-0.021572,-0.032332
-0.0064982,-0.0097361
-0.004595,-0.006884
-0.055581,-0.085271
-0.0077105,-0.011551
-0.0011698,-0.0017522
-0.00051275,-0.00076811
-0.0040958,-0.0061367
-0.00019885,-0.00029791
-0.0095693,-0.014337
-0.0030403,-0.0045551
-0.06746,-0.1126
-0.017041,-0.025537
1.0113,0.98091
-0.0035738,-0.0053546
-0.00028889,-0.0004329
-0.0017398,-0.002607
-0.054202,-0.081974
-0.00013349,-0.00019998
-0.0001079,-0.00016161
-0.00061379,-0.0009195
-0.001946,-0.0029162
-0.023066,-0.034563
-0.012668,-0.018975
-0.024041,-0.035996
-0.0019012,-0.0028484
-0.00061699,-0.0009242
-0.036723,-0.054968
-0.00035446,-0.00053109
-0.0028533,-0.0042739
-0.00045031,-0.00067454
-0.0012241,-0.0018336
-0.00141,-0.0021124
-0.0012769,-0.0019133
-0.044449,-0.080877
-0.0018146,-0.002719
-0.0012883,-0.0019305
-0.00041748,-0.0006255
-0.01586,-0.023766
-0.00043607,-0.0006535
-0.001069,-0.0016016
-0.00016908,-0.00025339
-0.00015514,-0.00023239
-0.00095674,-0.0014336
-0.0099896,-0.014965
-0.0020285,-0.0030387
-0.051151,-0.092836
-0.0027486,-0.0041182
-0.07712,-0.12434
-0.0044121,-0.0066082
-0.0073267,-0.010975
-0.00012195,-0.00018272
-0.06918,-0.12008
-0.044205,-0.066333
-0.00076002,-0.0011384
-0.00040983,-0.00061399
-0.04496,-0.067257
-0.0049641,-0.0074375
-0.0049039,-0.0073453
-0.00022544,-0.00033777
-0.00013698,-0.00020523
-0.00073821,-0.001106
-0.00018397,-0.00027562
-0.010094,-0.015121
-0.00027031,-0.00040507
-0.00026789,-0.00040137
-0.0016227,-0.0024312
-0.0011368,-0.0017035
-0.0035785,-0.0053612
-0.024588,-0.036839
-0.0010401,-0.0015579
-0.0033471,-0.0050143
-0.024709,-0.037012
-0.00016663,-0.0002497
-0.033261,-0.049821
-0.021644,-0.032435
-0.021683,-0.032475
-0.037159,-0.055556
-0.00035654,-0.00053402
-0.020618,-0.030888
-0.053719,-0.082407
-0.059622,-0.091487
-0.014047,-0.021042
-0.00058796,-0.00088087
-0.049256,-0.07367
-0.02937,-0.04394
-0.04064,-0.060776
-0.0001008,-0.00015098
-0.0002007,-0.0003007
-0.0088495,-0.01326
-0.024996,-0.037465
-0.00020036,-0.00030019
-0.00069136,-0.0010357
-0.00015954,-0.00023898
-0.06515,-0.10875
-0.062469,-0.10428
-0.012549,-0.018799
-0.0784,-0.13601
-0.012595,-0.018869
-0.00074905,-0.0011221
-0.00020511,-0.00030732
-0.021901,-0.032801
-0.00099043,-0.0014834
-0.0020684,-0.0030991
-0.0012593,-0.0018866
-0.0067032,-0.010043
-0.0069488,-0.010412
-0.00012186,-0.00018252
-0.004524,-0.0067766
-0.00026188,-0.00039242
-0.002505,-0.0037537
-0.00090813,-0.0013605
-0.00018687,-0.00027992
-0.024498,-0.036713
-0.00019762,-0.00029612
-0.014483,-0.021703
-0.00024562,-0.00036787
-0.0026142,-0.0039168
-0.0084747,-0.012697
-0.0016463,-0.0024656
-0.006747,-0.010108
-0.010123,-0.015165
-0.014715,-0.02205
-0.0026424,-0.0039596
-0.040091,-0.059914
-0.00026508,-0.00039724
-0.00081556,-0.0012219
-0.001017,-0.0015241
-0.0067275,-0.010081
-0.0039265,-0.005884
-0.0020887,-0.0031287
-0.0019221,-0.0028802
-0.040129,-0.060004
-0.0013689,-0.0020505
-0.00015911,-0.00023842
0.83851,1.017
-0.0022296,-0.0033403
-0.019268,-0.028879
-0.078633,-0.12678
-0.0053646,-0.0080376
-0.038472,-0.05748
-0.00040115,-0.00060089
-0.0073774,-0.011051
-0.0015585,-0.0023352
-0.00023588,-0.00035336
-0.0050715,-0.0075988
-0.050981,-0.078201
-0.00029567,-0.00044287
-0.0033387,-0.0050017
-0.074047,-0.11606
-0.036521,-0.054608
-0.00072748,-0.00109
-0.00011312,-0.00016946
-0.00014179,-0.0002124
-0.056075,-0.087881
-0.006611,-0.0099053
-0.0094993,-0.014227
-0.0041947,-0.0062833
-0.078695,-0.12334
-0.053177,-0.080456
-0.00018409,-0.00027587
-0.025623,-0.03838
-0.00015715,-0.00023544
-0.00012271,-0.00018379
0.98925,0.96959
-0.0018612,-0.0027886
-0.0048558,-0.0072753
-0.0060688,-0.0090913
-0.017784,-0.026649
-0.0052644,-0.0078871
-0.00071089,-0.0010648
-0.00032947,-0.00049363
-0.028649,-0.042932
-0.0055697,-0.0083452
-0.05667,-0.086935
-0.00042434,-0.0006356
-0.0021084,-0.0031581
-0.0036383,-0.0054495
-0.031076,-0.046455
-0.043411,-0.064928
-0.0066571,-0.009972
-0.00066289,-0.00099338
-0.00016822,-0.00025209
-0.047304,-0.07075
-0.00022508,-0.00033716
-0.0015121,-0.0022655
-0.00046023,-0.00068964
-0.00029976,-0.00044895
-0.00021668,-0.00032454
-0.0090871,-0.013615
-0.042763,-0.063936
-0.026386,-0.039517
-0.00012773,-0.00019137
-0.0017473,-0.0026183
-0.022378,-0.033541
-0.0064797,-0.0097096
-0.05457,-0.099114
-0.014812,-0.022193
-0.070742,-0.11807
-0.0023075,-0.0034564
-0.00034129,-0.00051141
-0.00022502,-0.0003372
-0.0044377,-0.006649
-0.00091077,-0.0013642
-0.00073237,-0.0010975
-0.00070224,-0.0010522
-0.0060589,-0.0090777
-0.0068366,-0.010241
-0.00082888,-0.0012422
-0.00029041,-0.00043512
-0.0010701,-0.0016036
-0.00019225,-0.00028805
1.1393,0.94359
-0.0041944,-0.0062833
-0.041572,-0.062177
-0.025699,-0.03851
-0.0017209,-0.0025782
-0.017732,-0.026564
-0.001003,-0.0015024
-0.0081501,-0.012208
-0.00030892,-0.0004629
1.005,1.0381
-0.028741,-0.043
-0.0017474,-0.0026171
-0.00018629,-0.0002791
-0.0026888,-0.0040289
-0.00040316,-0.00060404
-0.0073544,-0.011016
-0.0012736,-0.0019079
-0.039337,-0.05883
-0.00094453,-0.001415
-0.00023224,-0.00034795
-0.00013781,-0.00020653
-0.011251,-0.016854
-0.00015304,-0.00022935
-0.0027494,-0.0041194
-0.016985,-0.025447
-0.00051374,-0.0007696
-0.00073316,-0.0010985
-0.00020639,-0.0003093
-0.0040772,-0.0061089
-0.00037391,-0.00056014
-0.053042,-0.079626
-0.00074214,-0.0011115
-0.0010849,-0.0016257
-0.001092,-0.0016362
-0.00078384,-0.0011746
-0.0028042,-0.0042014
-0.00049613,-0.00074311
-0.0025492,-0.0038184
-0.0082115,-0.012305
-0.043964,-0.079925
-0.00025554,-0.00038283
-0.0012495,-0.0018718
-0.0064237,-0.0096243
-0.00018526,-0.00027756
-0.0012055,-0.0018065
-0.036283,-0.054254
-0.029028,-0.043479
-0.0017276,-0.0025877
-0.00026994,-0.00040444
-0.00016191,-0.0002426
-0.021575,-0.041871
-0.00059047,-0.00088489
-0.0080098,-0.012003
-0.0027302,-0.0040905
-0.00089289,-0.0013376
-0.046862,-0.070102
-0.045749,-0.068647
-0.00010126,-0.00015166
-0.0073037,-0.010943
-0.028134,-0.042088
-0.00057195,-0.00085678
-0.00043786,-0.00065618
-0.0037642,-0.0056409
-0.00012399,-0.00018577
-0.00015505,-0.00023235
-0.0069299,-0.010383
-0.00040292,-0.00060373
-0.00014655,-0.00021959
-0.00039701,-0.00059489
-0.0030154,-0.0045172
-0.011268,-0.016886
0.94687,0.96997
-0.0057688,-0.008643
-0.062271,-0.094201
-0.00080229,-0.001202
-0.045415,-0.067889
-0.016404,-0.024576
-0.005778,-0.0086582
-0.0014503,-0.0021732
-0.0002296,-0.00034401
-0.00086909,-0.0013022
-0.0026373,-0.0039519
-0.000591,-0.00088561
-0.00522,-0.0078192
-0.00082773,-0.0012402
-0.010204,-0.015286
-0.00018771,-0.00028118
-0.00013454,-0.00020162
-0.080129,-0.12917
-0.0049977,-0.0074879
-0.00079304,-0.0011884
-0.075914,-0.12241
-0.0039886,-0.0059761
-0.0072078,-0.010801
-0.00057177,-0.0008564
-0.0014939,-0.0022378
-0.0014493,-0.0021718
-0.0006105,-0.00091463
-0.0001367,-0.00020486
-0.0046152,-0.0069147
-0.032643,-0.048776
-0.019976,-0.029932
-0.028756,-0.043072
-0.0026625,-0.0039882
-0.026483,-0.05122
-0.0067106,-0.010055
-0.025554,-0.049263
-0.0045009,-0.0067425
-0.025884,-0.050024
-0.00019931,-0.00029867
-0.0073951,-0.01108
-0.027124,-0.040656
-0.0050259,-0.0075288
-0.0011899,-0.0017823
-0.016096,-0.024122
-0.00048375,-0.00072495
-0.0030877,-0.0046264
-0.0054393,-0.0081463
-0.0011159,-0.0016717
-0.0050803,-0.0076105
-0.0048092,-0.0072035
-0.013949,-0.020899
-0.0033021,-0.0049465
-0.0022363,-0.0033501
-0.00079759,-0.0011951
-0.00014032,-0.00021025
-0.031557,-0.047185
-0.069902,-0.10725
-0.0078965,-0.011828
-0.068108,-0.11368
-0.010802,-0.016187
-0.0018474,-0.0027677
-0.0073559,-0.011023
-0.043416,-0.078961
-0.072486,-0.12095
-0.00015281,-0.00022894
-0.07238,-0.12563
-0.062347,-0.10406
-0.013854,-0.020752
0.81795,1.0808
-0.0007178,-0.0010757
-0.026859,-0.040257
-0.012978,-0.019449
-0.00016432,-0.00024622
-0.079673,-0.13822
-0.053747,-0.082445
-0.00023993,-0.00035955
-0.058992,-0.090516
-0.0051195,-0.0076685
-0.0054933,-0.0082292
-0.004118,-0.0061687
-0.0021894,-0.0032792
-0.027295,-0.04091
-0.00016592,-0.00024852
-0.011822,-0.017712
-0.0033548,-0.0050264
-0.00085163,-0.0012756
-0.059004,-0.089271
-0.0017614,-0.0026395
-0.00015215,-0.00022793
-0.0020277,-0.0030379
-0.00038528,-0.00057723
-0.0020958,-0.0031397
-0.00044515,-0.000667
-0.0081661,-0.012233
-0.054113,-0.083004
-0.0074055,-0.011095
-0.00030556,-0.00045784
-0.00011235,-0.00016832
-0.031735,-0.047441
-0.0058693,-0.0087915
-0.049015,-0.089141
-0.00089331,-0.001338
-0.0029953,-0.0044877
-0.018389,-0.027558
-0.00022612,-0.00033877
-0.061306,-0.10655
-0.0040302,-0.0060371
-0.00028893,-0.00043274
-0.00045815,-0.00068659
-0.00013796,-0.00020673
-0.00014676,-0.00021982
-0.0012266,-0.0018378
-0.00034748,-0.00052046
-0.00046355,-0.00069463
-0.049961,-0.074741
-0.00048549,-0.00072718
-0.0013767,-0.0020623
-0.00027365,-0.00040991
-0.021859,-0.032758
-0.00013961,-0.00020913
-0.0011084,-0.0016605
-0.038206,-0.057128
-0.00093709,-0.001404
-0.0030847,-0.0046212
-0.039667,-0.059511
-0.0014801,-0.0022169
-0.014818,-0.022198
-0.021227,-0.031808
-0.0033486,-0.0050178
-0.00044465,-0.00066621
-0.011542,-0.017296
-0.012171,-0.018235
-0.0016104,-0.0024128
-0.0313,-0.046783
-0.0057339,-0.008588
-0.038214,-0.057122
-0.0029811,-0.0044652
-0.0011134,-0.001668
-0.00033115,-0.00049597
-0.044571,-0.066678
-0.012021,-0.018011
-0.010808,-0.016195
-0.032795,-0.049113
-0.00073196,-0.0010963
-0.00028478,-0.00042659
-0.0065063,-0.0097477
-0.0058499,-0.0087662
-0.062238,-0.10813
-0.00029823,-0.00044681
-0.003378,-0.0050618
-0.069496,-0.10892
-0.019893,-0.029811
-0.062412,-0.095747
-0.00067763,-0.0010152
-0.0041543,-0.0062234
-0.001745,-0.0026144
-0.024144,-0.036183
-0.0094694,-0.01419
-0.043192,-0.07861
-0.0032032,-0.0048002
-0.018604,-0.036228
-0.0029588,-0.0044333
-0.00044545,-0.00066745
-0.0024052,-0.0036037
-0.0014378,-0.0021541
-0.00014442,-0.00021632
-0.0001516,-0.00022709
-0.00028189,-0.00042235
-0.02148,-0.032191
-0.0012575,-0.0018844
-0.060584,-0.094953
-0.0017219,-0.00258
-0.00095533,-0.0014315
-0.064218,-0.098544
-0.069064,-0.10825
-0.00077899,-0.0011672
-0.029565,-0.044276
-0.047616,-0.086484
-0.0004048,-0.00060653
-0.0042782,-0.0064097
-0.048338,-0.072523
-0.084246,-0.14056
-0.0011375,-0.0017044
-0.00012064,-0.0001807
-0.00039777,-0.00059603
-0.00045876,-0.00068747
-0.00030085,-0.00045066
-0.04483,-0.067051
-0.0022029,-0.0033008
-0.072982,-0.12666
-0.00037585,-0.00056322
-0.00090102,-0.00135
-0.00019645,-0.0002944
-0.0022877,-0.0034272
-0.00049113,-0.00073573
-0.0011944,-0.001789
-0.00070843,-0.0010616
-0.0070458,-0.010552
-0.0098791,-0.014799
-0.00062045,-0.00092944
-0.043285,-0.064719
-0.00019898,-0.00029811
-0.011483,-0.017205
1.0326,0.83801
-0.00081986,-0.0012279
-0.02975,-0.044547
-0.062941,-0.096575
-0.012323,-0.01846
-0.031276,-0.046756
-0.00096135,-0.0014398
-0.00026931,-0.00040341
-0.00060001,-0.00089914
-0.00015967,-0.00023922
-0.0012464,-0.0018668
-0.0010513,-0.0015749
-0.013759,-0.020612
-0.0010902,-0.0016329
-0.0235,-0.035225
-0.0014071,-0.0021082
-0.0017289,-0.0025904
-0.00015253,-0.0002285
-0.0036275,-0.0054333
-0.028371,-0.042505
-0.00027511,-0.00041216
-0.0010398,-0.0015576
-0.001958,-0.0029327
-0.010096,-0.015124
-0.00067179,-0.0010061
-0.0017875,-0.0026775
-0.0045362,-0.0067982
-0.064552,-0.10409
-0.0035831,-0.0053685
-0.078614,-0.12674
-0.00015528,-0.00023262
-0.071301,-0.12383
-0.023743,-0.03558
0.91951,0.89849
-0.0011053,-0.0016554
-0.00042226,-0.00063265
-0.0004875,-0.00073035
-0.0050173,-0.0075187
-0.00024328,-0.00036455
-0.035598,-0.053184
-0.037194,-0.05562
-0.00014316,-0.00021449
-0.00168,-0.0025166
-0.049891,-0.07545
0.81399,0.94348
-0.00055824,-0.00083639
-0.0001713,-0.0002567
-0.00041399,-0.00062027
-0.012876,-0.019291
-0.083888,-0.13525
-0.00020071,-0.00030073
-0.084264,-0.14621
-0.0032218,-0.0048258
-0.00014734,-0.00022075
-0.013044,-0.019539
-0.0044692,-0.0066946
-0.0049855,-0.0074713
-0.069937,-0.12137
-0.00038773,-0.00058077
-0.00012232,-0.00018319
-0.00069208,-0.0010368
-0.00048833,-0.00073166
-0.00016416,-0.00024591
-0.075718,-0.1263
-0.035187,-0.052703
-0.00030231,-0.00045285
-0.038426,-0.057459
-0.00075024,-0.0011243
-0.02686,-0.040247
-0.014214,-0.02129
0.9237,1.0417
-0.0016623,-0.0024902
-0.0058786,-0.0088051
-0.0012821,-0.001921
-0.018081,-0.027092
-0.0031453,-0.0047119
-0.0069676,-0.010437
-0.00073266,-0.0010978
-0.0028266,-0.0042348
-0.049635,-0.074474
-0.07012,-0.11305
-0.0036025,-0.0053958
-0.0013875,-0.0020792
-0.029474,-0.044064
-0.00076509,-0.0011464
-0.053548,-0.080983
-0.0023855,-0.0035747
-0.00038024,-0.00056981
-0.00066221,-0.00099203
-0.026035,-0.038978
-0.0020163,-0.0030215
-0.010196,-0.015276
-0.011104,-0.016636
-0.012432,-0.01863
-0.00059658,-0.00089397
-0.0036905,-0.0055297
-0.03276,-0.049038
-0.00010944,-0.00016396
-0.0001538,-0.00023039
-0.0073734,-0.011047
-0.074898,-0.12075
-9.5187e-05,-0.00014257
-0.0011732,-0.0017571
-0.00031919,-0.00047806
-0.014256,-0.02136
-0.0024886,-0.0037277
-0.039451,-0.058967
-0.066695,-0.11582
-0.0017857,-0.0026759
-0.0099967,-0.014978
-0.0082146,-0.012307
-0.00036245,-0.00054312
-0.064228,-0.098536
-0.0029281,-0.0043871
-0.053318,-0.096784
-0.0010213,-0.0015297
-0.0061516,-0.0092152
-0.0089497,-0.013404
-0.0013893,-0.0020819
-0.062066,-0.10362
-0.033607,-0.050332
-0.025603,-0.038372
-0.014155,-0.021209
-0.0019156,-0.0028693
-0.0056083,-0.0084019
-0.075762,-0.13142
-0.00044493,-0.00066675
-0.0025732,-0.0038544
-0.016258,-0.024363
-0.0018711,-0.0028039
-0.00030394,-0.00045535
-0.0061351,-0.0091906
-0.0033251,-0.0049808
-0.00054693,-0.00081927
-0.006632,-0.0099346
-0.033969,-0.050754
-0.0035726,-0.0053511
-0.0027452,-0.0041129
-0.0012164,-0.0018219
-0.039567,-0.059158
-0.00033321,-0.00049907
-0.049619,-0.075064
1.002,1.1708
-0.014673,-0.021984
-0.0012691,-0.0019011
-0.0016337,-0.0024478
-0.021654,-0.03245
-0.03851,-0.057583
-0.036136,-0.05409
-0.00071599,-0.0010724
-0.00012703,-0.00019036
-0.000934,-0.0013992
-0.00044156,-0.00066152
-0.073343,-0.12242
-0.080419,-0.12963
-0.0072597,-0.010873
-0.00026059,-0.00039038
-0.004529,-0.0067844
-0.0001857,-0.00027819
-0.009876,-0.014798
-0.066716,-0.10456
-9.1279e-05,-0.00013672
-0.0027159,-0.0040683
-0.00013847,-0.00020741
-0.025646,-0.049461
-0.0061017,-0.0091421
1.0693,1.0686
-0.00061533,-0.00092181
0.85913,1.037
-0.0013423,-0.0020111
-0.00036492,-0.00054675
-0.020112,-0.030136
-0.0061883,-0.0092704
-0.038254,-0.057197
-0.00051026,-0.00076429
-0.0025636,-0.0038408
-0.00018283,-0.00027386
-0.024981,-0.037431
-0.038211,-0.057093
-0.00032499,-0.000487
-0.00014254,-0.00021355
-0.010914,-0.01635
-0.036207,-0.054184
-0.00015134,-0.00022674
-0.065443,-0.1004
-0.0038783,-0.0058115
-0.0011236,-0.0016839
-0.00027134,-0.00040639
-0.0074539,-0.011168
-0.014533,-0.021774
-0.0077079,-0.011549
-0.0044403,-0.0066508
-0.0059322,-0.0088883
-0.00015835,-0.00023722
-0.00025924,-0.00038843
-0.000217,-0.00032511
-0.002255,-0.0033779
-0.045416,-0.067929
-0.00074531,-0.0011167
-0.0043399,-0.0065007
-0.019927,-0.03873
-0.063176,-0.096916
-0.00025309,-0.00037912
-0.0010603,-0.0015885
-0.0080912,-0.012124
-0.0048683,-0.0072941
-0.00011681,-0.00017502
-0.0011887,-0.0017806
-0.00032664,-0.00048925
-0.017679,-0.026495
-0.0022851,-0.0034239
-0.087151,-0.1454
-0.069352,-0.10641
-0.00073922,-0.0011072
-0.00022174,-0.00033225
-0.029356,-0.043986
-0.0024611,-0.0036881
-0.00020644,-0.00030924
-0.031495,-0.047167
-0.052047,-0.079838
-0.0010755,-0.0016116
-0.072832,-0.11741
-0.00018435,-0.00027626
-0.00084527,-0.0012665
-0.00033398,-0.00050029
-0.055166,-0.10008
-0.027882,-0.04175
-0.00010727,-0.00016067
-0.029874,-0.044703
-0.027131,-0.040595
-0.0015934,-0.0023878
-0.0012231,-0.0018329
-0.00036311,-0.00054391
-0.0013153,-0.0019709
-0.0031774,-0.0047613
-0.001668,-0.0024991
-0.0018117,-0.0027136
-0.0076974,-0.01153
-0.021699,-0.032524
-0.020317,-0.030448
-0.002834,-0.0042463
-0.0063561,-0.0095245
1.031,1.0981
-0.079333,-0.1279
-0.0014699,-0.0022016
1.0146,0.86481
-0.001779,-0.0026646
-0.00026495,-0.00039695
-0.015201,-0.022773
-0.0052124,-0.0078078
-0.00018952,-0.00028392
1.0314,1.1437
-0.026229,-0.050485
-0.045258,-0.06792
-0.00010521,-0.0001576
-0.040476,-0.060478
-0.00038397,-0.00057519
-0.067518,-0.11271
-0.0031112,-0.0046602
-0.047421,-0.086214
-0.0094896,-0.014215
-0.023434,-0.035108
-0.00024452,-0.00036631
-0.0024662,-0.0036949
-0.010955,-0.01641
-0.010242,-0.015345
-0.022238,-0.033332
-0.0027726,-0.0041542
-0.053314,-0.080024
-0.0013683,-0.0020501
-0.00019126,-0.00028649
-0.00010897,-0.00016322
-0.00053537,-0.0008022
-0.0011382,-0.0017057
-0.00025196,-0.00037742
-0.00014814,-0.00022191
-0.0043025,-0.0064463
-0.001016,-0.0015222
-0.0025652,-0.0038435
-0.00083885,-0.0012566
-0.024444,-0.036632
-0.0025771,-0.0038607
-0.00020632,-0.00030911
-0.00042093,-0.00063057
-0.062956,-0.098668
-0.00012083,-0.00018102
-0.0015795,-0.0023664
-0.0037016,-0.0055459
-0.00035935,-0.00053846
-0.00020192,-0.00030242
-0.024679,-0.036945
-0.00026425,-0.0003959
-0.03706,-0.055406
-0.043194,-0.064615
-0.00033578,-0.00050305
-0.00080057,-0.0011991
-0.00013073,-0.00019581
-0.00018554,-0.00027798
-0.0021417,-0.0032078
-0.003797,-0.0056875
-0.00041957,-0.00062874
-0.00025657,-0.00038441
-0.00050254,-0.0007529
-0.0013323,-0.0019962
-0.0040582,-0.0060788
-0.029792,-0.044583
-0.0026815,-0.0040161
-0.02143,-0.032098
-0.00059378,-0.00088938
-0.00017999,-0.00026966
-0.00081864,-0.0012263
-0.00029098,-0.00043578
-0.029492,-0.044171
-0.00054959,-0.00082326
-0.00016559,-0.0002481
-0.0012039,-0.0018036
-0.028324,-0.042371
-0.00013513,-0.00020238
-0.0050326,-0.0075413
-0.00019379,-0.00029027
-0.052051,-0.078122
-0.0003096,-0.00046387
-0.045716,-0.068367
-0.00038028,-0.00056967
-0.015595,-0.023362
-0.010507,-0.015744
-0.0080942,-0.012125
-0.0011113,-0.001665
-0.01202,-0.018004
-0.075796,-0.13148
-0.027041,-0.040515
-0.011428,-0.017121
-0.00013092,-0.00019618
-0.015176,-0.022742
-0.074569,-0.12439
-0.011466,-0.017175
-0.0001128,-0.00016901
-0.0035329,-0.0052932
-0.0018233,-0.0027312
-9.9752e-05,-0.00014943
-0.0087623,-0.013128
-0.0073796,-0.011056
-0.050106,-0.074954
-0.036463,-0.054493
-0.0049765,-0.0074566
-0.071325,-0.11179
-0.00037139,-0.00055642
-0.00012652,-0.00018951
-0.00725,-0.010865
-0.00014457,-0.00021661
0.95744,1.1352
-0.0098512,-0.014755
-0.035418,-0.05297
-0.082401,-0.12915
-0.00023343,-0.00034964
-0.0025954,-0.0038877
-0.0019171,-0.0028713
-0.0093702,-0.01404
-0.0019969,-0.0029913
-0.038977,-0.058279
-0.026114,-0.039115
-0.03328,-0.049754
-0.0018414,-0.0027593
-0.00020566,-0.0003081
-0.01679,-0.025163
-0.005984,-0.0089658
-0.00091431,-0.0013697
-0.00062214,-0.00093196
-0.0034499,-0.0051687
-0.031954,-0.047779
-0.069005,-0.10589
-0.010695,-0.016024
-0.069479,-0.1089
-0.0010504,-0.0015739
-0.084153,-0.13565
-0.00090968,-0.0013629
-0.077691,-0.12968
-0.00018676,-0.0002798
-0.00017365,-0.00026013
-0.0004807,-0.00072
-0.054765,-0.082847
-0.0047338,-0.0070935
-0.00057396,-0.00085981
-0.0060741,-0.0091012
-0.00036424,-0.00054565
-0.026592,-0.039852
-0.0053656,-0.0080381
-0.00058127,-0.00087101
-0.02365,-0.045872
-0.0026781,-0.0040128
-0.033047,-0.049464
1.0671,1.0515
-0.021625,-0.04195
-0.00013743,-0.00020587
-0.00027466,-0.00041159
-0.023717,-0.045799
-0.0031436,-0.0047102
-0.0075104,-0.011253
-0.024081,-0.036091
-0.00031965,-0.00047898
-0.00033341,-0.00049959
-0.00028576,-0.00042809
-9.1664e-05,-0.00013728
-0.028534,-0.042751
-0.057193,-0.099388
-0.00016736,-0.00025074
-0.03204,-0.047897
-0.00018154,-0.00027202
-0.00024947,-0.00037368
-0.00027663,-0.00041446
-0.024231,-0.046792
-0.010282,-0.015401
-0.0014415,-0.0021596
-0.014576,-0.021841
-0.0029137,-0.004366
-0.019774,-0.029625
-0.0016654,-0.0024958
-0.00064425,-0.00096522
-0.0549,-0.083057
-0.0017353,-0.0025991
-0.0010021,-0.0015016
-0.00010023,-0.00015011
-0.0028946,-0.0043368
-0.0064061,-0.0095953
-0.00059906,-0.00089754
-0.00017362,-0.00026011
-0.0017676,-0.002649
-0.00043862,-0.00065723
-0.00047121,-0.00070595
-0.0047927,-0.0071819
-0.023962,-0.035908
-0.01633,-0.024471
-0.03993,-0.059703
-0.0040895,-0.0061269
-0.0053274,-0.0079814
-0.038784,-0.058
-0.0059277,-0.0088802
-0.0014845,-0.0022235
1.123,1.143
-0.0062434,-0.0093516
-0.00013473,-0.00020187
-0.00020739,-0.00031067
-0.0036091,-0.0054078
-0.0024596,-0.0036848
-0.00013091,-0.00019609
-0.01176,-0.017622
-0.0087158,-0.013055
-0.0014577,-0.0021833
-0.0070279,-0.010527
0.86229,1.0444
-0.015852,-0.023756
-0.00030892,-0.00046277
-0.0010009,-0.0014997
-0.0091364,-0.013684
-0.00084296,-0.0012632
-0.040702,-0.060872
-0.00036452,-0.00054625
-0.00073897,-0.0011068
-0.01117,-0.016739
-0.0082252,-0.012324
-0.00058775,-0.00088058
-0.056289,-0.08515
-0.00034257,-0.00051312
-0.010923,-0.016359
-0.055597,-0.084104
-0.00070484,-0.0010558
-0.010993,-0.01647
-0.044619,-0.066731
-0.0024972,-0.0037422
-0.0031405,-0.0047041
-0.028663,-0.042954
-0.017229,-0.025811
-0.057824,-0.090623
-0.023588,-0.03533
-0.00025148,-0.00037678
-0.048642,-0.08838
-0.011253,-0.016863
-0.047725,-0.072179
-0.0044496,-0.0066674
-0.00016905,-0.00025326
-0.00021549,-0.0003229
-0.00016444,-0.00024639
-0.00032994,-0.00049418
-0.0011924,-0.0017861
-0.068499,-0.1051
-0.0012693,-0.0019013
-0.0097881,-0.01466
-0.0020507,-0.003072
-0.0003947,-0.0005915
-0.00018565,-0.00027817
-0.052765,-0.095808
-0.040134,-0.060209
-0.00022663,-0.0003395
-0.003602,-0.0053961
-0.0077259,-0.011572
-0.022623,-0.0339
-0.00026877,-0.00040276
-0.026915,-0.040323
-0.063634,-0.1155
-0.00015441,-0.00023128
-0.00023843,-0.00035708
-0.0029924,-0.0044817
-0.000266,-0.00039863
-0.00022329,-0.00033455
-0.00026149,-0.00039184
-0.0013194,-0.0019768
-0.00013438,-0.00020134
-0.00035872,-0.00053758
-0.00015019,-0.00022496
-0.065778,-0.10093
-0.00049672,-0.00074429
-0.026985,-0.040411
-0.0046778,-0.0070068
-0.0041533,-0.0062239
-0.0091145,-0.013659
-0.026218,-0.039287
-0.00012602,-0.00018877
-0.0009465,-0.001418
-0.0010163,-0.0015224
-0.025903,-0.038817
-0.00015423,-0.00023104
-0.00050291,-0.00075354
-0.066409,-0.10189
-0.027351,-0.040953
-0.0010825,-0.0016218
-0.085969,-0.14345
-0.00035747,-0.00053569
-0.0015724,-0.0023563
-0.046215,-0.069899
-0.00049408,-0.00074031
-0.075522,-0.12601
-0.0023059,-0.0034538
-0.0012469,-0.0018684
-0.0006735,-0.001009
-0.005508,-0.0082544
-0.0010153,-0.0015208
-0.0097539,-0.014609
-0.027346,-0.040913
-0.037865,-0.056622
-0.0014728,-0.0022068
-0.0083543,-0.012516
-0.017739,-0.026581
-0.018688,-0.027998
-0.00017779,-0.00026637
-0.011987,-0.017955
-0.0011905,-0.0017839
-0.0001808,-0.00027083
-0.007041,-0.010549
-0.052533,-0.095329
-0.00017781,-0.00026647
-0.032236,-0.048242
-0.010777,-0.016145
-0.016208,-0.02428
-0.0025756,-0.003859
-0.011934,-0.017884
-0.0039509,-0.0059192
-0.0063835,-0.0095656
-0.0024912,-0.0037318
-0.0015052,-0.0022552
-0.00013678,-0.00020489
-0.0025294,-0.0037891
-0.0058252,-0.0087296
-0.056751,-0.103
-0.0035088,-0.0052551
-0.0012278,-0.0018394
-0.067019,-0.10284
-0.00055437,-0.00083046
-0.0039534,-0.0059229
-0.0056015,-0.0083913
-0.0016722,-0.0025053
-0.064959,-0.11276
-0.062157,-0.09405
-0.00032697,-0.00048989
-0.053263,-0.079959
-0.020051,-0.030044
-0.014772,-0.022128
-0.012319,-0.018452
-0.026954,-0.040378
-0.00030284,-0.00045356
-0.022023,-0.033
-0.070125,-0.10761
-0.00073462,-0.0011003
-0.019655,-0.029456
-0.014347,-0.0215
-0.00090572,-0.0013565
-0.034431,-0.051439
-0.0011308,-0.0016943
-0.060628,-0.093032
-0.015317,-0.022946
-0.0024762,-0.0037095
-0.00096854,-0.0014514
-0.0044719,-0.0066996
-0.0014107,-0.0021137
-0.00066011,-0.00098879
-0.022613,-0.033888
-0.017506,-0.026227
-0.0010317,-0.0015459
-0.00018926,-0.00028361
-0.00033034,-0.00049497
-0.0001853,-0.00027758
-0.00016851,-0.00025244
-0.00039668,-0.00059443
-0.00016104,-0.00024133
-0.067974,-0.10654
-0.05416,-0.098287
-0.0015772,-0.0023625
-0.00072587,-0.0010872
-0.00072313,-0.0010831
-0.0026336,-0.0039467
-0.0005252,-0.00078661
-0.0011651,-0.001745
-0.0012685,-0.0019
-0.00091995,-0.0013781
-0.044297,-0.066262
-0.0055143,-0.0082617
-0.0045657,-0.0068389
-0.0079259,-0.011871
-0.0011728,-0.0017574
-0.012238,-0.018335
-0.00073607,-0.0011029
-0.049895,-0.07487
-0.0073332,-0.010983
-0.00011874,-0.00017783
-0.0015263,-0.0022862
-0.0001102,-0.00016509
-0.00050684,-0.00075952
-0.0020092,-0.0030091
-0.0019655,-0.0029449
-0.00030447,-0.00045606
-0.036522,-0.05462
-0.0011973,-0.0017939
-0.0051495,-0.0077149
-0.02435,-0.036487
-0.0015884,-0.0023798
-0.021041,-0.031523
-0.0013329,-0.001997
-0.00030351,-0.0004547
-0.005498,-0.008238
-0.011864,-0.017779
-0.023407,-0.035078
-0.0010247,-0.0015349
-0.039586,-0.059197
-0.00010105,-0.00015137
-0.00019537,-0.00029259
-0.0047895,-0.0071776
-0.058624,-0.10648
-0.0032188,-0.0048214
-0.00030659,-0.00045933
-0.0033589,-0.0050323
-0.0055683,-0.0083414
-0.00074406,-0.0011147
-0.00026302,-0.00039412
-0.00059603,-0.00089303
-0.0052726,-0.0079014
-0.017869,-0.026773
-0.0012249,-0.0018356
-0.00030559,-0.0004578
-0.0010062,-0.0015071
-0.00025408,-0.00038057
-0.00034756,-0.00052065
-0.0013173,-0.0019732
-0.0040844,-0.0061209
-0.019032,-0.028514
-0.0001194,-0.00017888
-0.0013242,-0.0019843
-0.0017372,-0.0026032
-0.0082242,-0.012319
-0.00060059,-0.00089985
-0.032544,-0.048623
-0.050534,-0.076428
-0.00012723,-0.0001906
-0.012202,-0.018282
-0.012722,-0.019054
-0.0056931,-0.0085304
-0.028279,-0.042356
-0.032641,-0.048848
-0.00019799,-0.00029668
-0.036422,-0.054466
-0.00012462,-0.00018672
-0.00024434,-0.00036608
-0.049252,-0.074503
-0.014261,-0.021367
-0.0078894,-0.011818
-0.006134,-0.0091887
-0.00048734,-0.00072993
-0.011316,-0.016954
-0.070175,-0.11711
-0.022266,-0.033353
-0.0020884,-0.0031284
-0.00059251,-0.00088749
-0.069525,-0.12062
-0.052462,-0.07936
-0.0022526,-0.0033742
-0.0021016,-0.003149
-0.035775,-0.053543
-0.012108,-0.018144
-0.0073063,-0.010944
-0.0053378,-0.0079978
-0.0076559,-0.01147
-0.0033506,-0.0050199
-0.00093198,-0.0013964
-0.0074279,-0.011132
0.97567,1.1921
-0.00045209,-0.00067749
-0.0039939,-0.0059818
-0.038605,-0.05774
-0.012266,-0.018375
-0.00068135,-0.0010208
-0.063664,-0.10266
-0.00024907,-0.00037316
-0.00079253,-0.0011874
-0.002452,-0.0036723
-0.00087666,-0.0013137
-0.010042,-0.015046
-0.00019181,-0.00028737
-0.00011498,-0.0001723
-0.072825,-0.12645
-0.042914,-0.064154
-0.001076,-0.0016118
-0.033014,-0.04936
-0.057759,-0.10038
-0.012146,-0.018197
-0.005324,-0.0079769
-0.033605,-0.050286
-0.0086082,-0.012899
-0.0075527,-0.011314
-0.0040996,-0.0061421
-0.032157,-0.048078
-0.00037159,-0.0005566
-0.0021419,-0.0032091
-0.0040511,-0.0060709
-0.082428,-0.13751
-0.006629,-0.0099332
-0.0013331,-0.0019975
-0.0012044,-0.001804
-0.0004134,-0.00061936
-0.0010289,-0.0015419
-0.0081268,-0.012178
-0.067904,-0.11786
-0.0014902,-0.0022319
-0.0010942,-0.0016387
-0.0027651,-0.0041414
-0.0002766,-0.00041435
-0.023206,-0.03478
-0.033342,-0.049811
-0.00061865,-0.00092707
-0.00012834,-0.00019222
-0.0001337,-0.00020031
-0.016993,-0.025463
-0.00015377,-0.00023041
-0.030558,-0.045731
-0.001237,-0.0018533
-0.00012164,-0.00018224
-0.00041113,-0.00061596
-0.0001143,-0.00017125
-0.010976,-0.016449
-0.0008132,-0.0012185
-0.0023493,-0.0035191
-0.026718,-0.040035
-0.040518,-0.060795
-0.0016667,-0.0024976
-0.060121,-0.094221
-0.01417,-0.021233
-0.0075676,-0.011337
-0.00047331,-0.00070917
-0.00033449,-0.00050115
-0.013198,-0.019769
-0.036908,-0.05519
-0.0020523,-0.0030753
-0.00015718,-0.00023547
-0.0019304,-0.0028927
-0.043898,-0.06561
-0.0001559,-0.00023357
-0.00084379,-0.001264
-0.0036044,-0.0054005
-0.012715,-0.019045
-0.0001812,-0.00027149
-0.0002165,-0.00032437
-0.00080166,-0.0012011
-0.084028,-0.14019
-0.0013398,-0.0020067
-0.029006,-0.043458
-0.027278,-0.040845
-0.00049213,-0.00073739
-0.0022196,-0.0033242
-0.06644,-0.11539
-0.0064589,-0.0096795
-0.0021115,-0.0031632
-0.00093218,-0.0013964
-0.064734,-0.11241
-0.0018364,-0.0027511
-0.00013768,-0.00020629
-0.015842,-0.023742
-0.030447,-0.045619
-0.0033676,-0.0050465
-0.014934,-0.02238
-0.0038497,-0.0057659
-0.0015171,-0.0022735
-0.042719,-0.064094
-0.00013772,-0.00020632
-0.010881,-0.016302
-0.0003978,-0.00059583
-0.073967,-0.11925
-0.0030372,-0.0045495
-0.030668,-0.045888
-0.016164,-0.024213
-0.04086,-0.061069
-0.014971,-0.022429
-0.022638,-0.03392
-0.0055214,-0.0082706
-0.0019856,-0.002975
-0.035867,-0.053677
-0.00054809,-0.00082094
-0.012227,-0.018323
-0.00012174,-0.0001824
-0.011037,-0.016534
-0.0019728,-0.0029563
-0.061592,-0.094506
-0.00010988,-0.00016458
-0.000112,-0.00016783
-0.010494,-0.015717
-0.0020288,-0.0030393
-0.00013643,-0.00020441
-0.00036004,-0.00053949
-0.0032934,-0.0049328
-0.00028039,-0.00042002
-0.003473,-0.0052037
-0.0030446,-0.0045628
-0.047902,-0.072446
-0.013482,-0.020201
-0.00039968,-0.00059879
-0.062331,-0.097686
-0.020827,-0.040502
-0.0011552,-0.0017307
-0.054786,-0.099611
-0.0001922,-0.00028795
-0.00033956,-0.00050872
-0.0097793,-0.014652
-0.0030366,-0.0045497
-0.00019488,-0.00029197
-0.0006766,-0.0010136
-0.00038955,-0.00058344
-0.0026242,-0.0039326
-0.0011103,-0.0016635
-0.00036471,-0.00054647
-0.012866,-0.019271
-0.011151,-0.016701
-0.003459,-0.0051829
-0.0046644,-0.0069889
-0.0015207,-0.0022779
-0.0010663,-0.0015975
-0.0044757,-0.0067072
-0.003437,-0.0051483
-0.00045786,-0.00068596
-0.0097057,-0.014542
-0.00026154,-0.00039172
-0.00011983,-0.00017958
-0.057279,-0.086666
-0.00074001,-0.0011088
-0.00019867,-0.00029766
-0.054891,-0.082372
-0.0001432,-0.00021449
-0.021192,-0.031757
-0.00031113,-0.00046624
-0.0020684,-0.0030985
-0.00051277,-0.00076841
-0.073331,-0.12233
-0.014016,-0.021001
-0.0088292,-0.013224
-0.0013295,-0.0019919
-0.00041389,-0.00062011
-0.028915,-0.04327
-0.072165,-0.11636
-0.0054191,-0.0081169
-0.01667,-0.024974
-0.021554,-0.032293
-0.0045045,-0.0067493
-0.013399,-0.020079
-0.052853,-0.07906
-0.00055554,-0.0008322
-0.0015748,-0.0023597
-0.016614,-0.02489
-0.011125,-0.016673
-0.00051952,-0.00077834
-0.0018974,-0.0028427
-0.00058248,-0.00087249
-0.0068364,-0.010245
-0.042472,-0.063506
-0.017253,-0.025848
-0.055164,-0.082788
-0.0019304,-0.0028911
-0.056813,-0.1032
-0.00074513,-0.0011163
-0.029945,-0.044875
-0.00011519,-0.00017259
-0.000241,-0.00036114
-0.0016023,-0.002401
-0.076081,-0.13196
-0.0010538,-0.0015784
-0.00014723,-0.00022053
-0.017504,-0.026233
-0.00032274,-0.0004834
-0.042024,-0.062857
-0.077401,-0.12914
-0.0001385,-0.0002075
-0.0022526,-0.003375
-0.001062,-0.0015906
-0.0042529,-0.0063698
-0.0053472,-0.0080098
-0.013167,-0.019728
-0.00026813,-0.0004017
-0.00033031,-0.0004949
-0.033891,-0.050668
-0.00051788,-0.00077572
-0.011509,-0.017239
-0.00027835,-0.00041696
-0.00085219,-0.0012765
-0.042605,-0.063725
-0.040012,-0.05983
-0.0080101,-0.012002
-0.021625,-0.032396
-0.00015972,-0.0002393
-0.00068572,-0.001027
-0.011279,-0.0169
-0.05171,-0.094097
-0.0022423,-0.0033597
-0.020994,-0.040639
-0.019164,-0.028709
-0.015943,-0.023886
-0.00048876,-0.00073241
-0.060942,-0.095511
-0.0082998,-0.012432
-0.00052801,-0.00079091
-0.018073,-0.02708
-0.016538,-0.024778
-0.00015022,-0.00022509
-0.00014111,-0.00021142
-0.0032662,-0.0048945
-0.016859,-0.025263
-0.00018218,-0.00027285
-0.0048667,-0.0072923
-0.0032473,-0.0048661
-0.010209,-0.015297
-0.0039077,-0.0058561
-0.036599,-0.05477
-0.0048402,-0.0072504
-0.00037103,-0.0005559
-0.017402,-0.026074
-0.0059867,-0.008967
-0.0035241,-0.0052784
-0.075718,-0.12634
-0.00041308,-0.00061882
-0.00033871,-0.00050745
-0.00014642,-0.00021941
-0.0048698,-0.0072968
-0.002039,-0.0030549
-0.055952,-0.085829
-0.0001376,-0.00020615
-0.00020126,-0.00030143
-0.00069496,-0.0010412
-0.0020339,-0.003047
-0.065314,-0.10236
-0.0090386,-0.013542
-0.043876,-0.065628
-0.00036154,-0.00054165
-0.0076254,-0.011423
-0.00011655,-0.00017461
-0.022156,-0.033199
-0.0048168,-0.0072147
-0.00056646,-0.00084857
-0.071634,-0.12436
-0.046613,-0.0847
-0.0032625,-0.0048882
-0.0092407,-0.013846
-0.01692,-0.025349
-0.00097196,-0.0014566
-0.00033831,-0.00050695
-0.0095417,-0.014292
-0.00024167,-0.00036212
-0.00013591,-0.00020356
-0.0010006,-0.0014985
-0.039062,-0.058412
-0.00015263,-0.00022867
-0.00096535,-0.0014459
-0.00069781,-0.0010452
-0.00050975,-0.0007636
-0.00022664,-0.00033952
-0.012625,-0.018916
1.1207,0.87874
-0.0003645,-0.00054593
-0.057163,-0.086462
-0.0001833,-0.00027455
-0.056919,-0.1034
-0.00044925,-0.00067288
-0.024037,-0.036002
-0.0088904,-0.013316
-0.00020339,-0.00030478
-0.00052725,-0.00078977
-0.00011562,-0.00017322
-0.010861,-0.01627
-0.071349,-0.11182
-0.0073917,-0.011073
-0.002989,-0.0044775
-0.091246,-0.15222
-0.048249,-0.072962
-0.0018327,-0.0027458
-0.020635,-0.030914
-0.0053846,-0.0080648
-0.056128,-0.08491
-0.041076,-0.061424
-0.0011528,-0.0017269
-0.0064943,-0.0097272
-0.00098593,-0.0014772
-0.056321,-0.088269
-0.007747,-0.011609
-0.0032605,-0.0048844
-0.0027492,-0.0041181
-0.070771,-0.12293
-0.02547,-0.038163
0.91645,0.99422
-0.00010214,-0.00015301
-0.0059689,-0.0089402
-0.00095987,-0.0014378
-0.026191,-0.050716
-0.051082,-0.076651
-0.00014055,-0.00021056
-0.0016848,-0.0025238
-0.0054311,-0.0081381
-0.022055,-0.033042
1.0064,1.0241
-0.018353,-0.027497
-0.00077966,-0.001168
-0.078986,-0.13175
-0.077625,-0.12953
-0.0062232,-0.009324
-0.050716,-0.076115
-0.021998,-0.032959
-0.00015879,-0.00023784
-0.002715,-0.0040685
-0.00034957,-0.00052378
-0.00074922,-0.0011226
-0.00024705,-0.00037004
-0.00033636,-0.00050382
-0.00056175,-0.00084176
-0.0083445,-0.012505
-0.071468,-0.12403
-0.059944,-0.096659
-0.029099,-0.043542
-0.00023983,-0.0003593
-0.00058841,-0.00088177
-0.0020106,-0.0030125
-0.00060818,-0.00091121
-0.076661,-0.12015
-0.0613,-0.10648
-0.00096016,-0.0014386
-0.0079411,-0.011897
-0.068905,-0.11971
-0.0049237,-0.0073741
-0.00020937,-0.00031366
-0.0026138,-0.003915
-0.00022912,-0.00034322
0.98989,0.80949
-0.014279,-0.021399
-0.00010055,-0.0001506
-0.074952,-0.12506
-0.055418,-0.086852
-0.00014757,-0.00022108
-0.0020707,-0.0031022
-0.0065487,-0.0098104
-0.061799,-0.096858
-0.0011482,-0.0017198
-0.0026539,-0.003976
-0.00029641,-0.00044408
-0.014856,-0.022258
-0.054932,-0.083105
-0.0037382,-0.0055998
-0.011255,-0.016864
-0.00082178,-0.001231
-0.00016596,-0.00024868
-0.0025096,-0.0037593
-0.00073305,-0.0010983
-0.00022974,-0.00034415
-0.0032836,-0.0049182
-0.052042,-0.094438
-0.00041809,-0.00062624
-0.044616,-0.066937
-0.0008232,-0.0012333
-0.00082706,-0.0012391
-0.0082722,-0.012392
-0.02057,-0.040024
-0.00071822,-0.0010763
-0.020511,-0.030739
-0.00037039,-0.00055481
-0.040449,-0.060464
-0.0018451,-0.0027644
1.051,1.1447
-0.0033746,-0.0050543
-0.0049054,-0.0073473
-0.00011408,-0.00017089
-0.0027213,-0.0040769
-0.0012559,-0.001882
-0.040099,-0.059944
-0.032238,-0.048255
-0.00015543,-0.00023284
-0.0056759,-0.0085029
-0.014567,-0.021828
-0.0033553,-0.005026
-0.0018456,-0.0027652
-0.00063564,-0.0009524
-0.012686,-0.019009
-0.00040267,-0.00060311
-0.0033058,-0.004951
-0.00013186,-0.0001976
-0.00014859,-0.00022259
-0.069246,-0.10853
-0.020496,-0.03071
-0.053021,-0.081337
-0.013022,-0.019506
-0.061743,-0.096768
-0.0087379,-0.013093
-9.6139e-05,-0.000144
-0.00062071,-0.00092966
-0.070183,-0.10999
-0.0018723,-0.0028047
-0.0049529,-0.007419
-8.9631e-05,-0.00013425
-0.0033214,-0.004976
-0.0022576,-0.0033834
-0.0071978,-0.010785
-0.0080123,-0.012005
-0.00049829,-0.00074656
-0.0047944,-0.0071816
-0.0015803,-0.0023677
-0.00082216,-0.0012321
-0.009137,-0.013687
-0.0012217,-0.0018304
-0.026348,-0.039446
-0.0078555,-0.011772
-0.0010547,-0.0015796
-0.070389,-0.11349
-0.019828,-0.038606
-0.00049949,-0.0007483
-0.0012414,-0.0018604
-0.00033531,-0.00050233
-0.00025515,-0.00038229
-0.00016885,-0.00025299
-0.038848,-0.058099
-0.00034129,-0.00051125
-0.015518,-0.023248
-0.0041105,-0.0061598
-0.01791,-0.026837
-0.00037464,-0.0005613
-0.024053,-0.046407
-0.00051539,-0.00077217
-0.036494,-0.054628
-0.0064643,-0.009683
-0.00029694,-0.00044497
-0.049045,-0.089186
-0.0079313,-0.011883
-0.0017175,-0.0025731
-0.0012493,-0.0018719
-0.019026,-0.028516
-0.00072925,-0.0010924
-0.017962,-0.026918
-0.00046503,-0.00069662
-0.015703,-0.023522
-0.0080716,-0.01209
-0.056437,-0.088449
-0.013108,-0.019643
-0.00039388,-0.00058995
-0.0030064,-0.0045041
-0.031761,-0.047478
-0.013319,-0.019957
-0.0086618,-0.012978
-0.00040043,-0.00060004
-0.0001643,-0.00024609
-0.005942,-0.0089027
-0.029123,-0.043614
-0.00017155,-0.00025699
-0.00065008,-0.00097419
-0.0082706,-0.012389
-0.00047138,-0.00070629
-0.0002202,-0.00032997
-0.0096733,-0.014489
-0.00012274,-0.00018386
-0.044681,-0.066816
-0.00048155,-0.00072147
-0.00045286,-0.00067849
-0.020699,-0.0402
-0.00012138,-0.00018182
-0.0021677,-0.0032469
-0.00010354,-0.00015511
-0.029289,-0.043817
-0.012102,-0.018129
-0.001618,-0.0024236
-0.082895,-0.13363
-0.04213,-0.063208
-0.063713,-0.10273
-0.0036693,-0.0054973
-0.023622,-0.035404
-0.0060564,-0.0090728
-0.0016946,-0.0025391
-0.085115,-0.13721
-0.0001406,-0.00021066
-0.0022839,-0.0034225
-0.00029031,-0.00043495
-0.061526,-0.096426
-0.061268,-0.0988
-0.00012974,-0.00019436
-0.026453,-0.039633
0.98398,0.83007
-9.9853e-05,-0.00014956
0.86818,1.149
-0.074941,-0.1301
-0.0017939,-0.0026869
-0.0040658,-0.0060907
-0.015785,-0.023656
-0.068354,-0.11408
-0.017651,-0.026448
-0.00049124,-0.00073602
-0.040537,-0.060812
-0.0041625,-0.0062356
-0.002374,-0.0035576
-0.025379,-0.037997
-0.00022802,-0.00034172
-0.022079,-0.033087
-0.049825,-0.074775
-0.077152,-0.12876
-0.011102,-0.016631
-0.0062897,-0.0094243
-0.037697,-0.056338
-0.00013556,-0.00020304
-0.0040741,-0.0061032
-0.0064702,-0.0096914
-0.032673,-0.048886
-0.0034953,-0.0052376
-0.00027516,-0.00041226
-0.00075302,-0.0011279
-0.06092,-0.098227
-0.029212,-0.04375
-0.0010183,-0.001526
-0.00011679,-0.00017497
-0.0035633,-0.0053395
-0.00084543,-0.0012665
-0.00090324,-0.0013534
-0.011191,-0.016763
-0.002353,-0.0035253
-0.0019558,-0.0029306
-0.00014747,-0.00022094
-0.049916,-0.074679
-0.076753,-0.12811
-0.00012905,-0.00019336
-0.00049322,-0.00073871
-0.0015577,-0.0023337
-0.011064,-0.016575
-0.030398,-0.045517
-0.078491,-0.13625
-0.025067,-0.048281
-0.0074326,-0.011138
-0.026888,-0.051806
-0.068331,-0.11407
-0.029933,-0.044833
-0.0032924,-0.0049314
-0.0069768,-0.010454
-0.0055117,-0.0082593
-0.00020605,-0.0003087
-0.00011222,-0.00016812
-0.00012474,-0.00018693
-0.00036178,-0.000542
-0.063889,-0.10013
-0.00012025,-0.00018012
-0.02102,-0.031494
-0.00019494,-0.00029208
-0.01478,-0.022148
-0.001734,-0.0025973
-0.0020562,-0.0030808
-0.045657,-0.083119
-0.0029802,-0.0044639
-0.0018372,-0.0027526
-0.034037,-0.050895
-0.013155,-0.019707
-0.00046394,-0.00069513
-0.00012175,-0.00018238
1.0095,1.1322
-0.0016613,-0.002489
-0.0045156,-0.0067666
-0.0053801,-0.0080615
-0.00017685,-0.00026486
-0.00039185,-0.00058717
-0.0060999,-0.0091393
-0.002503,-0.0037488
-0.022939,-0.034374
-0.043381,-0.065102
-0.059901,-0.10865
-0.055458,-0.083904
-0.009783,-0.014659
-0.010665,-0.015981
-0.00022685,-0.00033995
-0.00014464,-0.00021674
-0.0093627,-0.014027
-0.00097277,-0.0014577
-0.029958,-0.044853
-0.011608,-0.017395
-0.00013191,-0.00019762
-0.00062193,-0.00093183
-0.004439,-0.0066489
-0.00425,-0.006366
-0.010274,-0.015388
-0.00064786,-0.00097066
-0.019917,-0.02984
-0.014848,-0.022244
-0.006285,-0.0094163
-0.013322,-0.019957
-0.00013567,-0.00020327
-0.0003681,-0.00055134
-0.00018971,-0.00028418
-0.031755,-0.047567
-0.00022509,-0.00033722
-0.080451,-0.13963
-0.00062038,-0.00092931
-0.054487,-0.081776
-0.0028993,-0.0043448
-0.00016416,-0.00024595
-0.050745,-0.076762
-0.00023793,-0.0003565
-0.0038944,-0.0058349
-0.00883,-0.013228
-0.00020737,-0.00031064
-0.027602,-0.053185
-0.0013497,-0.0020222
-0.0494,-0.073883
-0.0063175,-0.0094642
-0.017792,-0.026662
-0.056135,-0.084925
-0.00014547,-0.00021789
-0.00016318,-0.00024449
-0.00022262,-0.00033356
-0.0047066,-0.0070529
-0.0044785,-0.0067096
-0.077036,-0.12074
-0.018987,-0.03686
-0.065977,-0.10639
-0.0065627,-0.0098335
-0.0010554,-0.0015816
-0.018943,-0.028378
-0.024202,-0.036271
-0.056642,-0.088769
-0.012986,-0.019459
-0.00020819,-0.00031183
-0.037166,-0.055587
-0.00039016,-0.00058464
-0.012356,-0.018509
-0.073478,-0.11516
-0.0013901,-0.0020825
-0.0094292,-0.014124
-0.00090187,-0.0013508
-0.00069825,-0.0010459
-9.6604e-05,-0.00014469
-0.064576,-0.11211
-0.022264,-0.043248
-0.0011197,-0.0016776
-0.031035,-0.046471
-0.00060549,-0.00090692
-0.0003075,-0.00046083
-0.00010571,-0.00015838
-0.0028471,-0.0042651
-0.0031722,-0.0047517
-0.00041444,-0.0006209
-0.0001345,-0.00020149
-0.00062062,-0.00092998
-0.00012465,-0.00018676
-0.0049992,-0.0074902
-0.0001335,-0.00019996
-0.013538,-0.020283
-0.0036372,-0.0054479
-0.00058379,-0.00087478
-0.003648,-0.0054647
-0.00070949,-0.0010631
-0.010185,-0.015263
-0.0012389,-0.0018562
0.85033,1.049
-0.049736,-0.074387
-0.0020133,-0.003017
-0.00060628,-0.00090846
-0.035163,-0.052564
-0.017265,-0.025869
-0.00037473,-0.00056144
-0.0028322,-0.0042432
-0.0024584,-0.0036825
-0.00033237,-0.00049786
-0.0015038,-0.0022529
-0.0050762,-0.007607
-0.051091,-0.076693
-0.00066241,-0.00099248
-0.0033404,-0.0050052
-0.00016402,-0.00024574
-0.029712,-0.044515
-0.014878,-0.022289
-0.00052613,-0.00078838
-0.00043201,-0.00064711
-0.066486,-0.11097
-0.046927,-0.070432
-0.00012688,-0.00019012
-0.075534,-0.12179
0.9451,0.95223
-0.0068454,-0.010258
-0.068413,-0.10722
-0.00097399,-0.0014589
-0.030458,-0.045607
-0.00016549,-0.0002479
-0.00060716,-0.0009095
-0.00023563,-0.00035294
-0.00069252,-0.0010376
-0.0010215,-0.0015307
-0.022883,-0.034286
-0.022799,-0.034159
-0.00041653,-0.00062397
-0.0027645,-0.0041413
-0.0044255,-0.0066312
-0.0089786,-0.013455
-0.012361,-0.018521
-0.00018786,-0.00028137
-0.00064811,-0.00097075
-0.0067865,-0.01017
-0.00016719,-0.00025049
-0.0098482,-0.014751
-0.0042602,-0.0063839
-0.025657,-0.038409
-0.00018041,-0.00027033
-0.085873,-0.14328
-0.00059452,-0.00089074
-0.0066741,-0.0099996
-0.00017854,-0.00026756
-0.079192,-0.13736
-0.0026764,-0.0040103
-0.013354,-0.020007
-0.0083642,-0.012533
-0.00023109,-0.00034617
-0.027206,-0.040768
-0.062488,-0.094554
-0.0085772,-0.012848
-0.0087731,-0.013144
-0.0060411,-0.0090512
-0.0036734,-0.0055025
-0.00027717,-0.00041533
-0.00064123,-0.00096087
-0.0022895,-0.0034298
-0.0066616,-0.0099801
-0.075752,-0.12638
-0.00046017,-0.00068933
-0.024438,-0.047232
-0.0033139,-0.004966
-0.00068036,-0.0010193
-0.00097985,-0.001468
-0.00029671,-0.00044455
-0.0062479,-0.0093595
-0.0048221,-0.0072245
-0.024373,-0.036525
-0.00029058,-0.00043543
-0.018525,-0.027763
-0.00033687,-0.00050464
-0.00032595,-0.00048821
-0.00082442,-0.0012349
-0.00011623,-0.0001741
-0.00024867,-0.00037255
-0.03363,-0.050339
-0.00024077,-0.00036081
-0.0089171,-0.013356
-0.0061071,-0.0091498
-0.00053578,-0.00080254
-0.078717,-0.13665
-0.007823,-0.011721
-0.013108,-0.019636
-0.0075628,-0.011333
-0.00016545,-0.0002478
-0.00029045,-0.00043507
-0.00010721,-0.00016063
-0.014225,-0.021313
-0.066704,-0.10236
-0.0066937,-0.010029
-0.0048316,-0.0072392
-0.072698,-0.11394
-0.0018048,-0.0027044
0.94066,1.0633
-0.00031461,-0.00047128
-0.075886,-0.11894
-0.00036085,-0.0005405
-0.00045518,-0.00068186
-0.044315,-0.06623
-0.0027948,-0.0041876
-0.0095483,-0.014306
-0.005633,-0.0084397
-0.00097922,-0.001467
-0.0045237,-0.0067777
-0.00018335,-0.00027474
-0.0016261,-0.0024365
-0.00042834,-0.0006416
-0.00020668,-0.00030971
-0.00032104,-0.00048106
-0.00092462,-0.0013855
-0.0010435,-0.0015632
-0.00050457,-0.00075594
-0.040279,-0.060188
-0.0056778,-0.0085066
-0.074722,-0.12964
-0.00021542,-0.00032268
-0.00049877,-0.00074741
-0.061091,-0.092418
-0.020055,-0.030054
-0.00043292,-0.0006487
-0.0024632,-0.0036903
-0.023742,-0.045832
-0.031787,-0.047609
-0.00018655,-0.00027949
-0.012984,-0.019449
-0.00016808,-0.00025179
-0.010632,-0.015933
-0.0048742,-0.0073003
-0.021709,-0.032536
-0.00066982,-0.0010037
1.0016,0.99268
-0.036689,-0.054921
-0.00061064,-0.00091489
-0.00029844,-0.00044708
-0.080903,-0.13496
-0.00086023,-0.0012885
-0.00056315,-0.00084359
-0.030439,-0.045581
-0.063198,-0.095608
-0.00011346,-0.00016995
-0.00037534,-0.00056249
-0.00087616,-0.001313
-0.00011935,-0.00017881
-0.013553,-0.020305
-0.002719,-0.0040747
-0.021238,-0.031826
-0.00016773,-0.00025126
-0.00058315,-0.00087368
-0.0014714,-0.002205
-0.00053445,-0.00080094
-0.053521,-0.082103
-0.00027832,-0.00041711
-0.0012404,-0.0018581
-0.014953,-0.022399
-0.0018904,-0.0028318
-0.069686,-0.10694
-0.00026764,-0.00040088
-0.036893,-0.055168
-0.00038086,-0.00057065
-0.00079349,-0.0011891
-0.00084403,-0.0012648
-0.055636,-0.085364
-0.015036,-0.022522
-0.0095885,-0.014369
-0.022272,-0.033376
-0.00033527,-0.00050221
-0.00066352,-0.00099413
-0.003554,-0.0053258
-0.00046878,-0.00070218
-0.0032679,-0.0048963
-0.0005002,-0.00074938
-0.00060027,-0.00089942
-0.033607,-0.050338
-0.00055326,-0.00082889
-0.06603,-0.10131
-0.0018971,-0.002842
-0.0051762,-0.0077544
-0.0002683,-0.00040196
-0.00017872,-0.00026781
-0.00026707,-0.00040003
-0.00030695,-0.00045988
-0.00070573,-0.0010572
-0.00092171,-0.0013812
-0.00017626,-0.00026401
-0.00043513,-0.00065174
-0.01825,-0.027341
-0.0041058,-0.0061533
-0.0025474,-0.0038156
-0.0071359,-0.010694
-0.0053784,-0.0080584
-0.00095387,-0.0014288
-0.00041766,-0.00062566
-0.0026026,-0.0038978
-0.0057584,-0.0086256
-0.05981,-0.09177
-0.0058855,-0.0088176
-0.0024427,-0.0036587
-0.00015664,-0.00023465
-0.0018735,-0.0028076
-0.00071737,-0.0010748
-0.0044066,-0.0066023
-9.0724e-05,-0.00013588
-0.0076531,-0.011465
-0.0021942,-0.0032877
-0.028556,-0.042733
-0.0011162,-0.0016724
-0.00045422,-0.00068044
-0.011189,-0.016764
-0.00075931,-0.0011374
-0.001349,-0.0020203
-0.0014208,-0.0021281
-0.00063187,-0.00094653
-0.0021744,-0.0032576
-0.018357,-0.027504
-0.073952,-0.11921
-0.0019823,-0.0029701
-0.00012071,-0.00018086
-0.005434,-0.00814
-0.024347,-0.036468
-0.06025,-0.10927
-0.0071834,-0.010762
-0.060841,-0.11039
-0.00021351,-0.00031985
-0.0062028,-0.0092941
-0.017513,-0.026247
-0.017223,-0.025811
-0.0053129,-0.007958
-0.062272,-0.10041
-0.0013061,-0.0019573
-0.00018277,-0.00027375
-0.01972,-0.029544
-0.00016292,-0.00024408
-0.0016504,-0.0024723
-0.0003753,-0.00056219
-0.0027557,-0.0041299
-0.00054309,-0.00081384
-0.00027233,-0.00040793
-0.0014911,-0.0022341
-0.0020344,-0.0030485
-0.0030216,-0.0045264
-0.00091875,-0.0013765
-0.021889,-0.032788
-0.0074978,-0.011235
-0.00027223,-0.00040774
-0.00011528,-0.00017269
-0.058951,-0.10714
-0.04688,-0.070353
-0.00043034,-0.00064454
-0.0033841,-0.0050705
-0.00018294,-0.0002741
-0.0040749,-0.0061046
-0.05858,-0.089871
-0.032756,-0.049018
-0.055866,-0.084508
-0.07395,-0.11922
-0.00024455,-0.0003664
-0.0037074,-0.0055547
-0.017079,-0.025588
-0.0006258,-0.00093746
-0.052676,-0.095684
-0.00095467,-0.0014298
-0.00012735,-0.00019078
-0.01818,-0.027242
-0.01008,-0.015106
-0.00014884,-0.000223
-0.065343,-0.10241
-0.0087423,-0.013095
-0.0012135,-0.0018178
-0.00016809,-0.00025181
-0.00088566,-0.001327
-0.0005308,-0.00079527
-0.00027172,-0.00040713
-0.0021466,-0.0032162
-0.00011356,-0.0001701
-0.00023465,-0.00035158
-0.00049748,-0.0007452
-0.00046863,-0.000702
-0.00022371,-0.00033507
-0.0018291,-0.0027398
-0.00022909,-0.00034318
-0.016457,-0.02466
-0.00047541,-0.00071204
-0.00089487,-0.0013408
-0.002752,-0.0041231
0.86247,1.1059
-0.0015123,-0.0022653
-0.039056,-0.058371
-0.00059539,-0.00089199
-0.00020515,-0.00030737
-0.029131,-0.043597
-0.0001238,-0.00018547
-0.0082702,-0.012387
-0.023821,-0.035702
-0.051434,-0.077794
-0.025077,-0.03757
-0.081103,-0.13075
-0.03506,-0.052481
-0.00010573,-0.00015842
-0.00027017,-0.00040479
-0.0003394,-0.00050839
-0.0027351,-0.0040972
-0.0019023,-0.0028503
-0.0043813,-0.0065629
-0.011683,-0.017504
-0.0016958,-0.0025412
-0.056287,-0.085162
-0.037673,-0.056296
-0.00040918,-0.00061293
-0.00075909,-0.0011373
-0.0039321,-0.0058897
-0.012055,-0.018063
-0.0019861,-0.0029759
-0.044958,-0.067238
-0.0031762,-0.004757
-0.051285,-0.077569
-0.066092,-0.11034
-0.013865,-0.02077
-0.0014023,-0.0021005
-0.075382,-0.13085
-0.046699,-0.08496
-0.067506,-0.10358
-0.026453,-0.039641
-0.027272,-0.040834
-0.075833,-0.12226
-0.0038931,-0.0058313
-0.0087978,-0.013184
-0.00055104,-0.00082575
-0.034772,-0.052037
-0.00015533,-0.00023273
-0.073346,-0.11495
-0.014533,-0.021774
-0.00022834,-0.00034217
-0.001537,-0.002303
-0.025142,-0.037643
-0.0098223,-0.014718
-0.00020333,-0.00030453
-0.00041657,-0.00062422
-0.0033837,-0.0050689
-0.016644,-0.024941
-0.060061,-0.094131
-0.0082053,-0.012292
-0.00034406,-0.0005155
-0.00022664,-0.00033957
-0.036296,-0.054265
-0.068364,-0.11022
-0.06234,-0.095648
-0.0015219,-0.0022805
-0.0064095,-0.0096032
-0.00060393,-0.00090455
-0.013736,-0.020583
-0.069886,-0.12131
-0.00012556,-0.00018816
-0.011763,-0.017619
-0.0024748,-0.0037078
-0.0056029,-0.0083951
-0.012127,-0.018173
-0.00036986,-0.00055424
-0.0084242,-0.012619
-0.0013611,-0.0020393
-0.023863,-0.046175
-0.0013471,-0.002018
-0.00091229,-0.0013666
-0.00012505,-0.00018735
-0.00020917,-0.00031335
-0.0031089,-0.0046567
-0.02013,-0.03017
-0.003002,-0.0044974
-0.0016805,-0.0025169
-0.0027222,-0.0040785
-0.022135,-0.03316
-0.0074864,-0.011215
-0.003732,-0.0055923
-0.00041422,-0.00062047
-0.0014787,-0.0022157
-0.055655,-0.084176
-0.0022476,-0.003368
-0.0053015,-0.0079409
-0.038067,-0.056931
-0.00013597,-0.00020374
-0.0023837,-0.0035723
-0.031878,-0.047767
-0.025017,-0.037491
-0.00010326,-0.00015468
-0.00080822,-0.0012108
-0.021286,-0.031905
-0.00015182,-0.00022743
-0.0017934,-0.0026866
-0.005403,-0.0080926
-0.03683,-0.055126
-0.00017931,-0.00026857
-0.0015086,-0.0022607
-0.0013054,-0.0019562
-0.0016126,-0.0024159
-0.0088518,-0.013262
-0.00047779,-0.00071582
-0.012454,-0.018657
-0.00014017,-0.00021005
-0.00029388,-0.00044041
-0.052875,-0.095931
-0.00083162,-0.001246
-0.00016808,-0.00025183
-0.00022463,-0.00033642
-0.0037282,-0.0055849
-0.00014257,-0.00021362
-0.0013048,-0.0019548
-0.0016557,-0.0024801
-0.018182,-0.027246
-0.042401,-0.06338
-0.04385,-0.065591
-0.00051357,-0.0007695
-0.0065931,-0.0098791
-0.0001582,-0.00023695
-0.00101,-0.001513
-0.0096923,-0.014521
-0.05205,-0.078739
-0.065526,-0.1027
-0.063108,-0.096837
-0.0011986,-0.0017961
-0.00090944,-0.0013625
-0.032953,-0.049316
-0.00045522,-0.00068194
-0.00029269,-0.00043862
-0.047981,-0.071758
-0.0015209,-0.0022783
-0.0006539,-0.00097947
-0.026661,-0.039953
-0.037863,-0.056609
-0.07356,-0.12273
-0.071631,-0.12443
-0.046705,-0.08499
-0.00076378,-0.0011442
-0.0010966,-0.0016431
-0.0045895,-0.0068753
-0.015374,-0.023033
-0.00034417,-0.00051575
-0.013281,-0.019898
-0.015618,-0.023398
-0.0013523,-0.0020257
-0.010049,-0.015054
-0.00011439,-0.00017135
-0.0018428,-0.0027609
-0.062547,-0.094636
-0.0058893,-0.0088232
-0.057511,-0.088229
-0.00028489,-0.00042672
-0.0011225,-0.0016817
-0.0013257,-0.0019858
-0.044044,-0.066084
-0.076087,-0.11925
-0.0019431,-0.0029112
-0.0014233,-0.0021328
-0.00014533,-0.00021774
-0.001654,-0.0024781
-0.052751,-0.095772
-0.011559,-0.01732
-0.00013194,-0.00019771
-0.0030871,-0.0046246
-0.0030629,-0.0045882
-0.0033189,-0.0049736
-0.007952,-0.011915
-9.8528e-05,-0.00014758
-0.00025309,-0.00037924
-0.00022454,-0.00033641
-0.020236,-0.030331
-0.043661,-0.065506
-0.00010325,-0.00015467
-0.00091852,-0.0013762
-0.018517,-0.027743
-0.00027543,-0.00041265
-9.3838e-05,-0.00014055
-0.0048051,-0.0072003
-0.00025565,-0.00038305
-0.00023669,-0.00035467
-0.069911,-0.10957
-0.031639,-0.047393
-0.00027302,-0.00040893
-0.027979,-0.041903
-0.010989,-0.016461
-0.021166,-0.03171
-0.00072818,-0.0010912
-0.01098,-0.01645
-0.066765,-0.1159
-0.011565,-0.017323
-0.04867,-0.0728
-0.00072467,-0.0010854
-0.0002025,-0.0003033
-0.0015649,-0.0023447
-0.00096763,-0.0014497
-0.0014719,-0.0022054
-0.00070747,-0.0010597
-0.0032169,-0.0048206
-0.00053105,-0.00079541
-0.0047251,-0.0070778
-0.052824,-0.079277
-0.0017114,-0.0025635
-0.00055273,-0.00082812
-0.00011108,-0.00016637
-0.01446,-0.021666
-0.00020367,-0.00030521
-0.0005581,-0.00083617
-0.0020188,-0.0030246
-0.011934,-0.017881
-0.0044523,-0.0066695
-0.00027427,-0.000411
-0.00025101,-0.00037603
-0.00037495,-0.00056164
-0.0087852,-0.013163
-0.0031637,-0.0047408
-0.0012429,-0.0018626
-0.0023379,-0.0035019
-0.0006826,-0.001023
-0.0058514,-0.0087649
-0.00042009,-0.00062953
-0.061548,-0.093125
-0.0011661,-0.0017473
-0.00011187,-0.00016754
-0.00053893,-0.0008074
-0.047525,-0.071099
-0.0016115,-0.0024144
-0.00019399,-0.00029054
-0.0013802,-0.002068
-0.00020243,-0.0003032
-0.0019595,-0.0029363
-0.035483,-0.053019
-0.0017943,-0.0026884
-0.061555,-0.09445
-0.00027253,-0.00040833
-0.0036802,-0.0055132
-0.042165,-0.063262
-0.00021874,-0.00032777
-0.00091969,-0.0013779
-0.0308,-0.046092
-0.00088286,-0.0013229
-0.019001,-0.028477
-0.0008304,-0.0012441
-0.0013552,-0.0020304
-0.0061534,-0.0092196
-0.00090786,-0.0013599
-0.006766,-0.010139
-0.01959,-0.029354
-0.026672,-0.039907
-0.085712,-0.14296
-0.041981,-0.062786
-0.0078887,-0.011821
-0.00019884,-0.00029783
-0.063359,-0.10574
-0.00049553,-0.00074245
-0.0001026,-0.00015372
-0.060655,-0.097809
-0.0002266,-0.00033953
-0.066554,-0.10211
-0.0009142,-0.0013695
-0.00071306,-0.0010679
-0.049168,-0.089413
-0.00049207,-0.00073725
-0.00086417,-0.0012943
-0.04821,-0.072915
-0.00092651,-0.0013882
-0.00034456,-0.00051619
-0.027269,-0.040873
-0.00066891,-0.0010019
-0.0079917,-0.011974
-0.00011283,-0.00016904
-0.011654,-0.017461
-0.0093067,-0.013942
-0.013471,-0.020183
-0.019453,-0.037705
-0.0033254,-0.0049822
-0.0038747,-0.0058055
-0.00023786,-0.00035636
-0.018233,-0.02732
-0.00024268,-0.00036348
-0.00012302,-0.00018426
-0.040584,-0.060698
-0.00035397,-0.00053022
-0.00022786,-0.00034131
-0.00010748,-0.00016097
-0.0015249,-0.0022847
-0.0003049,-0.0004568
-0.002759,-0.0041345
-0.00022135,-0.00033165
-0.0027725,-0.0041532
-0.00032356,-0.00048487
-0.0039784,-0.0059607
-0.071444,-0.12401
-0.001246,-0.0018664
-0.0060853,-0.0091196
-0.075616,-0.1219
-0.00046188,-0.00069183
-0.071083,-0.12331
-0.00046039,-0.00068954
-0.00095973,-0.0014379
-0.044405,-0.066414
-0.0065477,-0.0098102
-0.0014951,-0.0022406
-0.0026504,-0.003971
-0.045871,-0.068829
-0.015777,-0.023644
-0.00086871,-0.0013015
-0.002673,-0.004005
-0.0021309,-0.0031928
-0.022388,-0.033543
-0.023512,-0.035242
-0.0024173,-0.0036217
-0.00040414,-0.00060529
-0.00087587,-0.0013122
-0.00012538,-0.0001879
-0.015038,-0.022529
-0.024948,-0.03738
-0.017198,-0.025773
-0.00032719,-0.00049006
-0.00027783,-0.00041626
-0.0049622,-0.0074337
-0.0014318,-0.0021444
-0.013284,-0.019898
-0.0050037,-0.0074966
-0.04265,-0.063742
-0.0054165,-0.0081155
-0.061341,-0.1024
-0.032049,-0.04797
1.0727,0.86056
-0.0038189,-0.0057215
-0.06011,-0.10442
-0.030034,-0.044996
-0.00037213,-0.00055754
-0.055442,-0.083229
-0.00010858,-0.0001627
-0.0016163,-0.002422
-0.00059959,-0.00089835
-0.014804,-0.022185
-0.0037063,-0.005553
-0.026262,-0.039321
-0.00014225,-0.00021311
-0.0024101,-0.0036101
-0.00012439,-0.00018635
-0.032403,-0.048531
-0.025749,-0.038591
-0.00011942,-0.00017896
-0.0022243,-0.0033332
-0.060675,-0.10541
-0.0057449,-0.0086087
-0.00020019,-0.00029993
-0.031199,-0.04673
-0.080482,-0.13431
-0.011077,-0.016595
-0.0016586,-0.0024846
-0.059226,-0.089595
-0.00086761,-0.0012996
-0.077396,-0.12131
-0.006739,-0.010097
-0.00061384,-0.00091974
-0.0063615,-0.0095291
-0.0012461,-0.0018667
-0.011846,-0.01775
-0.040762,-0.060967
-0.016098,-0.02412
-0.0012569,-0.0018829
-0.00093384,-0.0013992
-0.00031917,-0.00047827
-0.0004454,-0.00066733
-0.019936,-0.029871
-0.065471,-0.10261
-0.0010103,-0.0015138
-0.001441,-0.0021589
-0.00020945,-0.00031383
-0.0010738,-0.0016093
1.006,0.80738
-0.018528,-0.027763
0.89262,0.98152
-0.00047876,-0.00071702
-0.0024662,-0.0036941
-0.00010279,-0.00015398
-0.00029596,-0.00044343
-0.00047829,-0.00071669
-0.0013513,-0.002025
-0.00068162,-0.001021
-0.079891,-0.13861
-0.0046952,-0.0070328
-0.00078535,-0.0011764
-0.0011678,-0.0017499
-0.002241,-0.003357
-0.030104,-0.045115
-0.003449,-0.0051668
-0.0012065,-0.0018076
-0.0019529,-0.0029266
-0.00044647,-0.00066868
-0.010352,-0.015511
-0.02033,-0.030457
-0.057491,-0.099859
-0.00029752,-0.00044566
-0.0054821,-0.0082125
-0.0014531,-0.0021774
-0.0036114,-0.0054112
-0.010549,-0.015805
-0.037137,-0.055525
-0.00074626,-0.0011178
-0.0079648,-0.011931
-0.066947,-0.10273
-0.058669,-0.088765
-0.00068797,-0.0010305
-0.00026287,-0.00039385
-0.019585,-0.02934
-0.00014388,-0.0002155
-0.00037704,-0.0005648
-0.0059073,-0.0088488
-0.0013715,-0.0020554
-0.00077867,-0.0011663
-0.041154,-0.061497
-0.00078268,-0.0011728
-0.018828,-0.036625
-0.00041115,-0.00061591
-0.058361,-0.088276
-0.0027913,-0.004183
-0.0039585,-0.0059311
-0.0030162,-0.0045191
-0.00048173,-0.00072172
-0.00012534,-0.00018775
-0.00043248,-0.00064794
-0.034572,-0.051737
-0.063159,-0.10963
-0.0022276,-0.0033382
-0.00067356,-0.0010094
-0.01526,-0.022865
-0.0014481,-0.0021702
-0.0008332,-0.0012487
-0.0015349,-0.0023001
-0.011044,-0.016547
-0.010739,-0.016087
-0.00018585,-0.00027851
-0.0019818,-0.0029683
-9.5239e-05,-0.00014265
-0.054064,-0.082939
-0.001994,-0.0029878
-0.0090399,-0.013542
-0.00092451,-0.0013847
-0.019086,-0.028603
-0.018134,-0.027171
-0.00018028,-0.00027011
-0.0025585,-0.0038332
-0.055789,-0.083745
-0.0081305,-0.012181
-0.00034946,-0.00052355
-0.038113,-0.056987
-0.0022401,-0.0033562
-0.03527,-0.05278
-0.0012958,-0.0019416
-0.0057184,-0.0085667
-0.012549,-0.018798
-0.081366,-0.13573
-0.0098216,-0.014711
-0.032366,-0.04838
-0.00051756,-0.00077521
-0.015918,-0.023847
-0.0003597,-0.0005388
-0.0013228,-0.0019819
-0.00018406,-0.00027566
-0.015381,-0.023046
-0.0556,-0.08344
-0.00097846,-0.001466
-0.0081427,-0.012199
-0.022761,-0.034091
-0.0077787,-0.011654
-0.00019642,-0.00029427
-0.036173,-0.054084
-0.00052277,-0.00078304
-0.00098762,-0.00148
-0.00026809,-0.00040155
-0.0013765,-0.0020619
-0.00014042,-0.00021036
-0.0029518,-0.0044212
-0.014055,-0.021052
-0.0024235,-0.0036311
-0.0074528,-0.011164
-0.0012902,-0.0019333
-0.0022651,-0.0033931
-0.0075553,-0.01132
-0.0099666,-0.014931
-0.00086343,-0.0012933
-0.0026759,-0.0040099
-0.00089243,-0.0013371
-0.00065848,-0.0009866
-0.00042884,-0.00064243
-0.007671,-0.011493
-0.041005,-0.061327
-0.0034226,-0.005128
-0.00014567,-0.00021824
-0.0036738,-0.0055042
-0.00049143,-0.00073606
-0.00022313,-0.00033424
-0.01457,-0.021831
-0.024448,-0.036627
-0.020647,-0.030937
-0.0002431,-0.00036423
-0.016906,-0.025328
-0.026541,-0.039712
-0.022356,-0.03351
-0.04499,-0.067271
-0.05454,-0.083679
-0.016671,-0.024979
-0.00091576,-0.0013724
-0.029933,-0.044826
-0.00083687,-0.0012534
-0.00037376,-0.00056008
-0.00065705,-0.00098414
-0.0049373,-0.0073987
-0.007077,-0.0106
-0.00029473,-0.00044147
-0.0020412,-0.0030576
-0.0014175,-0.0021235
-0.022301,-0.043127
-0.012993,-0.019469
-0.0025028,-0.0037493
-0.00022567,-0.00033809
-0.048476,-0.072753
-0.0050415,-0.0075537
-0.0037813,-0.0056653
-0.065203,-0.10884
-0.00039865,-0.00059711
-0.00027405,-0.0004106
-0.00036583,-0.00054791
-0.011588,-0.017361
-0.045004,-0.068058
-0.0024772,-0.0037118
-0.0075529,-0.011318
-0.00022421,-0.00033586
-0.015895,-0.02381
-0.00010178,-0.00015246
-0.011645,-0.017443
-0.0018076,-0.0027077
-0.024432,-0.036584
-0.014925,-0.022367
-0.07704,-0.12855
-0.00014576,-0.00021844
-0.0030547,-0.0045759
-0.00018773,-0.00028121
-0.07062,-0.12254
-0.00017039,-0.00025524
-0.0011136,-0.0016684
-0.0074671,-0.011191
-0.0078182,-0.01171
-0.0025097,-0.0037602
-0.061347,-0.096149
-0.0068387,-0.010247
-0.058858,-0.092243
-0.0030575,-0.0045817
-0.0060298,-0.0090336
-0.082919,-0.13369
-0.083024,-0.13852
-0.0078838,-0.011815
-0.06218,-0.095411
-0.011184,-0.016754
-0.00075352,-0.0011289
-0.014783,-0.022148
-0.00033758,-0.00050581
-0.0026714,-0.004002
-0.0014883,-0.0022294
-0.0011806,-0.0017689
-0.0085036,-0.012737
-9.3554e-05,-0.00014012
-0.0081907,-0.012273
-0.0075709,-0.011344
-0.082297,-0.13268
-0.060346,-0.10952
-0.0042663,-0.006393
-0.037757,-0.056455
-0.0029273,-0.0043846
-0.03552,-0.053107
-0.00022646,-0.00033928
-0.013738,-0.020584
-0.0013533,-0.002028
-0.070726,-0.11804
-0.004838,-0.0072498
-0.0099857,-0.014961
-0.0002779,-0.00041637
-0.010787,-0.016162
-0.040529,-0.060615
-0.01823,-0.027321
-0.030195,-0.04518
-0.00021021,-0.00031495
-0.00015053,-0.00022548
-0.0055534,-0.0083191
-0.01168,-0.017499
-0.0035045,-0.0052494
-0.0010148,-0.0015204
-0.00074231,-0.0011122
-0.0018518,-0.002775
-0.0088374,-0.013241
-0.0060089,-0.0089994
-0.044492,-0.06675
-0.00027809,-0.00041655
-0.01135,-0.017001
-0.029708,-0.044488
-0.0005919,-0.00088661
-0.013467,-0.020174
0.80059,0.99672
-0.028426,-0.042595
-0.0019386,-0.0029037
-0.028993,-0.043379
-0.00086974,-0.0013033
-0.0060264,-0.0090309
-0.0087208,-0.013068
-0.0033746,-0.0050553
-0.00031218,-0.00046766
-0.0045552,-0.0068259
-0.017026,-0.025512
-0.0099234,-0.014867
-0.00086062,-0.0012895
-0.0001478,-0.00022148
-0.0016297,-0.0024408
-0.05836,-0.088288
-0.0083555,-0.012521
-0.00032252,-0.00048321
-0.061407,-0.094217
-0.0040672,-0.0060936
-0.0027056,-0.0040529
-0.024088,-0.036062
-0.00015073,-0.00022582
-0.024563,-0.036818
-0.0015999,-0.0023977
-0.0062481,-0.009359
-0.026149,-0.039192
-0.00054827,-0.00082121
-0.00016056,-0.00024055
-0.00055883,-0.00083723
-0.077308,-0.12902
-0.0065538,-0.0098196
-0.00040009,-0.00059945
-0.0012592,-0.0018868
-0.0016936,-0.0025379
-0.00013168,-0.00019723
-0.008069,-0.01209
-0.012995,-0.019465
-0.028903,-0.043285
-0.055567,-0.085239
-0.021364,-0.032022
-0.0038471,-0.0057624
-0.00021327,-0.00031954
-0.0005926,-0.00088797
-0.00024594,-0.00036851
-0.0011714,-0.001755
-0.018209,-0.027284
-0.058887,-0.089081
-0.009658,-0.014466
-0.047191,-0.085755
-0.0021715,-0.0032534
-0.00024668,-0.0003696
-0.00012876,-0.0001929
1.0245,0.98971
-0.011515,-0.017247
-0.0090421,-0.013546
-0.00013086,-0.00019606
-0.00033264,-0.00049838
-0.0010794,-0.0016168
-0.057276,-0.086634
-0.028943,-0.043361
-0.026686,-0.03992
-0.013419,-0.020104
-0.024638,-0.036921
-0.00013011,-0.00019488
-0.00066751,-0.0009999
-0.0074862,-0.011212
-0.00050955,-0.00076345
-0.020469,-0.030674
-0.00066183,-0.00099159
-0.050698,-0.077776
-0.0011071,-0.001659
-0.00014627,-0.0002192
-0.00018011,-0.00026984
-0.0014297,-0.002142
-0.0014987,-0.0022449
-0.020256,-0.030359
-0.016052,-0.024046
-0.00016839,-0.00025233
-0.00028789,-0.00043128
-0.080498,-0.13965
-0.00037216,-0.00055751
-0.0002341,-0.00035074
-0.0091633,-0.013727
-0.0010997,-0.0016477
-0.00038066,-0.00057027
-0.0053213,-0.0079703
-0.0091692,-0.013734
-0.00011038,-0.00016539
-0.0035251,-0.0052815
-0.023279,-0.034886
-0.065031,-0.10487
-0.0029392,-0.0044045
-0.0005802,-0.00086899
-0.00010672,-0.00015984
-0.0029414,-0.004406
-0.00043338,-0.00064905
-0.022961,-0.03441
-0.0013145,-0.001969
-0.00098687,-0.0014781
-0.00040652,-0.00060889
-0.0067462,-0.010106
-0.00077392,-0.0011595
-0.001841,-0.002758
-0.0018612,-0.0027881
-0.0092295,-0.013827
-0.0021607,-0.0032377
-0.0043132,-0.0064621
-0.0010838,-0.0016238
-0.030219,-0.045173
-0.013615,-0.020395
-0.063117,-0.096839
-0.00012412,-0.00018595
-0.026385,-0.03953
-0.062772,-0.10122
-0.00014771,-0.0002213
-0.010039,-0.015041
-0.0059278,-0.0088786
-0.00025579,-0.00038318
-0.00012902,-0.0001933
-0.070093,-0.10986
-0.002592,-0.003884
-0.00088049,-0.0013194
-0.014581,-0.021841
-0.0026009,-0.003897
-0.0043409,-0.0065046
-0.03182,-0.047606
-0.0066472,-0.0099593
-0.068752,-0.11084
-0.0009508,-0.0014246
-0.051297,-0.077588
-0.05964,-0.091492
-0.0006251,-0.00093673
-0.00023799,-0.00035648
-0.0078422,-0.011749
-0.0082586,-0.012376
-0.00067334,-0.0010086
-0.00013951,-0.00020902
-0.001662,-0.0024898
-0.0028875,-0.004325
-0.010282,-0.015402
-0.001149,-0.001721
-0.027337,-0.052667
-0.0022369,-0.0033514
-0.021059,-0.031545
-0.0006176,-0.00092514
-0.00054363,-0.0008145
-0.0066137,-0.0099061
-0.00020035,-0.00030013
-0.054898,-0.082408
-0.00028573,-0.00042808
-0.013612,-0.020391
-0.02205,-0.033051
-0.0095002,-0.014234
-0.014423,-0.02161
-0.051825,-0.079505
-0.00020754,-0.00031083
-0.0023154,-0.0034686
-0.0036978,-0.0055397
-0.027952,-0.041858
-0.045125,-0.082103
0.90051,1.1089
-0.023558,-0.045546
-0.0010209,-0.0015293
-0.0030405,-0.0045546
-0.019351,-0.028992
-0.00056155,-0.00084119
-0.0030375,-0.004551
-0.00022004,-0.00032968
-0.0026977,-0.0040407
-0.002366,-0.0035438
-0.052432,-0.079307
-0.00074601,-0.0011177
-0.010588,-0.015867
-0.0044079,-0.0066047
-0.0028977,-0.0043425
-0.0766,-0.12349
-0.049566,-0.074972
-0.003261,-0.0048843
-0.008146,-0.012205
-0.0068973,-0.010331
-0.00018824,-0.00028198
-0.0011216,-0.0016801
-0.0027921,-0.004183
1.0516,0.99615
-0.049922,-0.090688
-0.00017127,-0.00025662
-0.00020554,-0.00030799
-0.047166,-0.085799
-0.00035315,-0.00052918
-0.046613,-0.06972
-0.00045205,-0.00067713
-0.0021297,-0.0031901
-0.0062004,-0.0092886
-0.017405,-0.02608
-0.0073671,-0.01104
-0.069703,-0.12099
-0.0015212,-0.0022783
-0.0002926,-0.00043838
-0.057777,-0.10035
1.0767,0.83931
-0.016595,-0.024869
-0.0099425,-0.014896
-0.00020958,-0.00031395
-0.074984,-0.11752
-0.003122,-0.0046769
-0.00018959,-0.00028407
-0.00057823,-0.00086623
-0.01352,-0.020257
-0.0034027,-0.005099
-0.00072621,-0.001088
-0.0025246,-0.0037826
-0.00023329,-0.00034942
-0.00066257,-0.00099239
-0.00012962,-0.00019415
-0.052145,-0.094718
-0.0014298,-0.0021417
-0.0031979,-0.0047912
-0.00033584,-0.00050317
-0.02642,-0.039524
-0.0084242,-0.01262
-0.011947,-0.017893
-0.0014971,-0.0022431
-0.0015074,-0.002259
-0.019643,-0.029438
-0.022593,-0.033853
-0.011936,-0.017884
-0.057783,-0.10495
-0.00021194,-0.00031749
-0.00083647,-0.001253
-0.049762,-0.074677
-0.00019307,-0.00028919
-0.012251,-0.01835
-0.033626,-0.050315
-0.0010771,-0.0016133
-0.010852,-0.01626
-0.00023651,-0.00035426
-0.011816,-0.017703
-0.0096536,-0.014466
-0.0026374,-0.0039505
-9.7096e-05,-0.00014544
-0.00040761,-0.00061059
-0.0043439,-0.0065066
-0.0014576,-0.0021839
-0.012636,-0.018934
-0.00081637,-0.0012228
-0.00088693,-0.0013288
-0.00022541,-0.0003377
-0.021424,-0.032097
-0.050981,-0.076499
-0.065919,-0.10629
0.96384,1.1923
-0.0082336,-0.012334
-0.01232,-0.018456
-0.013054,-0.019559
-0.007909,-0.011851
-0.0011087,-0.0016615
-0.070332,-0.10792
-0.0010687,-0.0016011
-0.00035228,-0.00052767
-0.033368,-0.049887
-0.032487,-0.048653
-0.0065668,-0.0098395
-0.016094,-0.024117
-0.055798,-0.084426
-0.0047265,-0.0070813
-0.026358,-0.039468
-0.01999,-0.029955
-0.0003157,-0.00047293
-0.0044569,-0.0066751
-0.0029136,-0.0043643
-0.00011418,-0.000171
-0.0020328,-0.0030464
-0.00030344,-0.00045473
-0.010644,-0.01595
-0.00050179,-0.0007518
-0.021495,-0.032209
-0.0037593,-0.0056334
-0.0013212,-0.0019794
-0.00051213,-0.00076743
-0.0016665,-0.0024965
-0.07902,-0.12738
-0.0016394,-0.0024556
-0.0013592,-0.0020363
-0.00012007,-0.00017991
-0.0014254,-0.0021359
-0.05152,-0.079041
-0.010199,-0.015284
-0.00022721,-0.00034037
-0.0035669,-0.0053427
-0.0020296,-0.003041
-0.042161,-0.063022
-0.006347,-0.009511
-0.00016176,-0.0002424
-0.059497,-0.090023
-0.00026031,-0.00038991
-0.001525,-0.0022845
-0.014675,-0.021983
-0.00067802,-0.0010157
-0.0030099,-0.0045085
-0.033559,-0.050215
-0.00039931,-0.00059809
-0.0081528,-0.012215
-0.077559,-0.12156
-0.009987,-0.014961
-0.053462,-0.09715
-0.027577,-0.041314
-0.0001111,-0.00016642
-0.015755,-0.023607
-0.00014568,-0.00021831
-0.0049913,-0.0074781
-0.0053696,-0.0080453
-0.002163,-0.0032399
-0.018554,-0.027798
-0.0044917,-0.0067288
-0.0041917,-0.0062785
-0.00025529,-0.00038243
-0.0051903,-0.0077738
-0.0054175,-0.0081146
-0.019646,-0.029441
-0.00019809,-0.0002967
-0.00017494,-0.00026207
-0.02479,-0.037156
-0.066775,-0.10767
-0.00075091,-0.0011252
-0.056059,-0.08479
-0.00021833,-0.00032715
-9.8638e-05,-0.00014774
-0.00048046,-0.00071985
-0.0024757,-0.0037087
-0.00093131,-0.0013956
-0.0014985,-0.0022451
-0.001362,-0.0020403
-0.00018922,-0.00028351
-0.071625,-0.11547
-0.00016748,-0.00025087
-0.0014553,-0.0021798
-0.00016099,-0.0002412
-0.025799,-0.038642
-0.026992,-0.040449
-0.023872,-0.035755
-0.017268,-0.025867
-0.0079135,-0.011853
-0.0015546,-0.0023291
-0.00011617,-0.000174
-0.0001598,-0.00023945
-0.076942,-0.12839
0.85112,1.0243
-0.0002143,-0.00032097
-0.0042708,-0.0063974
-0.0015136,-0.0022677
-0.00021121,-0.00031639
-0.0056008,-0.0083931
-0.0004871,-0.0007298
-0.00021537,-0.00032268
-0.0016966,-0.0025417
-0.0014165,-0.0021223
-0.00020052,-0.00030033
-0.0015046,-0.0022541
-0.00010084,-0.00015103
-0.0050262,-0.007528
-0.020275,-0.030379
-0.0011278,-0.0016895
-0.0090752,-0.013597
-0.0001764,-0.00026428
-0.0074135,-0.011108
-0.001829,-0.0027402
-0.045067,-0.067618
-0.066784,-0.10768
-0.001769,-0.0026508
-0.047576,-0.071405
-0.016543,-0.024786
-0.00022306,-0.00033409
-0.073059,-0.11451
-0.050947,-0.078159
-0.0087236,-0.013067
-0.053342,-0.080697
-0.017863,-0.026768
-0.00048178,-0.00072199
-0.00061464,-0.00092111
-0.00024121,-0.00036143
-0.0021205,-0.0031775
-0.0002113,-0.00031649
-0.073219,-0.11804
-0.068321,-0.10483
-0.0001407,-0.00021077
-0.0018576,-0.0027836
-0.064101,-0.098342
-0.0018323,-0.0027449
-0.00016491,-0.00024699
-0.0011558,-0.0017318
-0.0004404,-0.00065965
-0.066155,-0.10151
-0.03046,-0.045626
-0.00025192,-0.00037753
-0.0036011,-0.0053954
-0.032728,-0.04901
-0.0039659,-0.0059407
-0.059774,-0.090434
-0.00080564,-0.0012068
-0.0022061,-0.0033046
-0.0018241,-0.0027328
-0.0026572,-0.0039813
-0.02017,-0.030224
-0.0020143,-0.0030173
-0.00027871,-0.00041766
-0.0013732,-0.0020578
-0.0059052,-0.008849
-0.00077583,-0.0011625
-0.00301,-0.0045097
-0.0027424,-0.0041084
-0.010638,-0.015941
0.93774,0.93032
-0.00021234,-0.00031812
-0.00020324,-0.0003045
-0.00039494,-0.00059184
-0.014646,-0.021941
-0.00013834,-0.00020727
-0.021542,-0.032283
-0.00014402,-0.0002158
-0.004525,-0.0067798
-0.00012628,-0.0001892
-0.0090485,-0.013557
-0.0039636,-0.0059395
-0.00060068,-0.00090002
-0.00014928,-0.00022357
-0.00024815,-0.00037165
-0.043625,-0.065454
-0.0054017,-0.0080938
-0.00060305,-0.0009036
-0.026087,-0.050224
-0.017754,-0.026606
-0.039097,-0.058457
-0.012825,-0.019218
-0.012449,-0.018656
-0.00013977,-0.00020935
-0.010984,-0.016457
-0.032143,-0.048048
-0.06969,-0.11632
-0.069119,-0.11145
-0.00065236,-0.00097764
-0.00013872,-0.00020788
-0.0004542,-0.0006805
-0.005458,-0.0081769
-0.085132,-0.13725
-0.00053857,-0.00080687
-0.023348,-0.045335
-0.0047514,-0.0071167
-0.0028714,-0.0043012
-0.00015082,-0.00022587
-0.00061146,-0.0009159
-0.043927,-0.065921
-0.07352,-0.11852
-0.024312,-0.047095
-0.00020375,-0.00030524
-0.001128,-0.0016897
-0.0036639,-0.0054891
-0.00023918,-0.00035836
-0.050241,-0.075382
-0.001534,-0.002298
-0.00014846,-0.00022243
-0.0020152,-0.0030191
-0.052329,-0.078549
-0.0032688,-0.0048979
-0.00039632,-0.00059392
-0.0089422,-0.013395
-0.053964,-0.098045
-0.015589,-0.023361
-0.00017109,-0.00025639
-0.00026485,-0.0003968
-0.059731,-0.1085
-0.00033919,-0.00050819
-0.0040168,-0.0060184
-0.049465,-0.074246
-0.024516,-0.047262
-0.0037275,-0.0055838
-0.012189,-0.01826
-0.00017754,-0.00026592
-0.0022324,-0.0033439
-0.00024286,-0.00036384
-0.0091388,-0.01369
-0.050068,-0.075147
-0.0018907,-0.002832
-0.043854,-0.065591
-0.0034043,-0.0051007
-0.039065,-0.058411
-0.00024467,-0.00036664
-0.0003916,-0.00058674
-0.014144,-0.021191
-0.00041294,-0.00061878
-0.000763,-0.0011434
-0.0034071,-0.0051058
-0.0001185,-0.0001775
-0.0001498,-0.00022439
-0.00074862,-0.0011216
-0.02593,-0.050027
-0.015954,-0.023904
-0.04979,-0.074465
-0.0081132,-0.012156
-0.012067,-0.018074
-0.013154,-0.019708
-0.00025867,-0.00038749
-0.0001356,-0.00020312
-0.00026649,-0.00039931
-0.0002247,-0.00033672
-0.0035593,-0.0053313
-0.0015925,-0.0023858
-0.00011335,-0.00016982
-0.0035876,-0.0053761
-0.0027944,-0.0041861
-0.01213,-0.018173
-0.0035515,-0.0053224
-0.059152,-0.10745
-0.028281,-0.042343
-0.0054979,-0.0082374
-0.0032287,-0.0048362
-0.0004083,-0.00061149
-0.012802,-0.019181
-0.0016383,-0.0024546
-0.010127,-0.015174
-0.045057,-0.081997
-0.0022413,-0.0033577
-0.0012067,-0.0018081
-0.024714,-0.037022
-0.0011641,-0.0017437
-0.002173,-0.0032555
-0.0015492,-0.0023205
-0.00030493,-0.00045679
-0.0010902,-0.0016334
-0.00025035,-0.0003751
-0.00023973,-0.00035917
-0.00034422,-0.00051565
-0.00056187,-0.00084153
-0.025619,-0.038389
-0.00033735,-0.00050541
-0.044207,-0.080482
-0.0053767,-0.0080565
-0.055062,-0.099979
-0.018123,-0.027153
-0.00023072,-0.00034574
-0.0020726,-0.0031055
-0.014287,-0.02141
-0.046423,-0.069671
-0.010468,-0.015681
-0.00032469,-0.00048658
-0.0028673,-0.0042949
-0.00058807,-0.00088127
-0.031222,-0.046713
-0.0048568,-0.0072759
-0.00037038,-0.00055504
-0.0090038,-0.013487
-0.040319,-0.060497
-0.00010335,-0.00015479
-0.0045905,-0.0068781
1.1276,0.92733
-0.0033381,-0.0050006
-0.0019277,-0.0028876
-0.001592,-0.0023852
-0.00043604,-0.00065327
-0.028121,-0.042073
-0.00018707,-0.00028033
-0.0039873,-0.0059745
-0.0047639,-0.0071374
-0.0046341,-0.0069414
1.1086,1.1629
-0.011359,-0.017016
-0.031317,-0.046869
-0.0023716,-0.0035532
-0.00026254,-0.00039325
-0.0089958,-0.013477
-0.0040588,-0.0060809
-0.0014379,-0.0021537
-0.010723,-0.016066
-0.0093067,-0.01394
-0.0065022,-0.0097415
-0.00030911,-0.00046296
-0.0013015,-0.0019495
-0.00079887,-0.0011966
-0.016531,-0.024771
-0.018825,-0.028212
-0.0019996,-0.002996
-0.01453,-0.021765
-0.0002119,-0.00031747
-0.0010236,-0.0015336
-0.00052841,-0.0007918
-0.00049829,-0.00074627
-0.019736,-0.029575
-0.001698,-0.0025443
-0.059459,-0.093185
-0.011783,-0.017656
-0.00013036,-0.00019533
-0.05386,-0.097827
-0.00019115,-0.00028631
-0.001181,-0.0017694
-0.0014614,-0.0021896
-0.00089426,-0.0013399
-0.0036867,-0.0055235
-0.00019327,-0.00028952
-0.013243,-0.019836
-0.0012391,-0.0018561
-0.00042652,-0.000639
-0.0001126,-0.00016868
-0.0012567,-0.001883
-0.0017424,-0.00261
-0.039841,-0.059567
-0.075707,-0.1263
-0.00015412,-0.00023092
-0.013543,-0.020292
-0.00082201,-0.0012315
-0.00074752,-0.00112
-0.010776,-0.01614
-0.020966,-0.040646
-0.00061373,-0.00091938
-0.06915,-0.1061
-0.084874,-0.14163
-0.00066498,-0.00099595
-0.0016145,-0.002419
-0.011154,-0.016709
-0.0020297,-0.003041
-0.0077753,-0.011647
-0.056597,-0.088702
-0.00015111,-0.00022635
-0.0046505,-0.0069667
-0.028742,-0.055437
-0.0048571,-0.007275
-0.0015329,-0.0022972
-0.0023872,-0.003577
-0.062195,-0.10804
-0.00028258,-0.00042332
-0.018808,-0.028184
-0.013061,-0.019568
-0.02778,-0.041595
-0.016333,-0.02447
-0.0021592,-0.0032356
-0.0010394,-0.0015568
-0.0035564,-0.0053291
-0.00079806,-0.0011954
-0.0001345,-0.00020151
-0.0090259,-0.013523
-0.019347,-0.028997
-0.068386,-0.10718
-0.015089,-0.022608
-0.00024725,-0.00037048
-0.014753,-0.022105
-0.014634,-0.021928
-0.0065622,-0.0098339
-0.026185,-0.039232
-0.00015887,-0.00023806
-0.043262,-0.06466
-0.024381,-0.036534
-0.0098871,-0.014808
-0.00030302,-0.00045408
-0.0011321,-0.0016957
-0.032016,-0.047948
-0.0020206,-0.0030273
-0.040957,-0.061245
-0.0011158,-0.0016714
-0.00090833,-0.0013612
-0.02477,-0.037086
-0.00017058,-0.00025551
-0.0063779,-0.0095521
-0.0049724,-0.0074489
-0.00025366,-0.00038005
-0.00015014,-0.00022488
-0.00030722,-0.00046019
-0.080479,-0.13427
0.95851,0.83071
-0.00018812,-0.00028185
-0.053606,-0.097474
-0.00031158,-0.00046676
-0.00085713,-0.0012843
-0.0011377,-0.0017043
-0.00062684,-0.00093923
-0.0061958,-0.0092822
-0.00060966,-0.00091363
-0.027288,-0.052528
-0.064829,-0.10161
-0.028596,-0.042843
-0.004484,-0.006718
-0.036416,-0.054455
-0.0010101,-0.0015132
-0.0038659,-0.0057908
-0.00043489,-0.00065158
-0.076477,-0.12758
-0.00013253,-0.00019859
-0.052614,-0.079597
-0.0012328,-0.0018468
-0.058825,-0.090254
-0.00064349,-0.00096388
-0.0010318,-0.0015457
-0.009686,-0.014512
-0.0017593,-0.0026358
-0.00037044,-0.00055496
-0.00076458,-0.0011454
-0.0094347,-0.014131
-0.012165,-0.018223
-0.0022104,-0.0033108
-0.00014333,-0.00021472
-0.0094559,-0.01417
-0.0010059,-0.0015071
-0.0006591,-0.00098766
-0.00075274,-0.0011278
-0.03377,-0.050497
-0.015847,-0.023741
-0.00013327,-0.00019962
-0.066355,-0.10698
-0.050472,-0.077422
-0.00018443,-0.00027625
-0.0099383,-0.014889
-0.0046853,-0.007019
-0.00015381,-0.00023041
-0.069335,-0.10866
-0.00029848,-0.00044721
-0.0028881,-0.0043272
-0.0013816,-0.0020695
-0.040402,-0.060413
-0.0001185,-0.00017757
-0.019459,-0.029158
-0.00046486,-0.00069652
-0.0015117,-0.0022649
-0.035642,-0.053299
-0.00049179,-0.00073689
-0.0006256,-0.00093734
-0.00040547,-0.00060731
-0.002399,-0.0035943
-0.023597,-0.035371
-0.0029096,-0.0043604
-0.00013473,-0.00020185
-0.00078225,-0.0011716
-0.0022716,-0.0034029
-0.06273,-0.094909
-0.0046519,-0.0069696
-0.050299,-0.091384
-0.0081012,-0.012133
-0.00091655,-0.0013734
-0.0023918,-0.003584
-0.00019028,-0.00028508
-0.0015084,-0.0022598
-0.021317,-0.041204
-0.0060701,-0.0090935
-0.0055722,-0.0083465
-0.0003256,-0.00048771
-0.064314,-0.1037
-0.010015,-0.015003
-0.00015663,-0.0002346
-0.041073,-0.061375
-0.00043945,-0.00065849
-0.0002796,-0.00041884
-0.00011845,-0.00017747
-0.00022763,-0.00034105
-0.00089842,-0.0013462
-0.00020498,-0.0003071
-0.044186,-0.066292
-0.049651,-0.07428
-0.00063205,-0.00094673
-0.012341,-0.018493
-0.00013807,-0.00020683
-0.0015816,-0.0023699
-0.02429,-0.036392
-0.00053228,-0.00079766
-0.0069793,-0.010456
-0.045413,-0.067875
-0.02016,-0.030204
-0.00014884,-0.00022302
-0.0019956,-0.0029889
-0.064589,-0.10415
-0.072346,-0.12072
-0.0069274,-0.010378
-0.042736,-0.063887
-0.029195,-0.043639
-0.016767,-0.025127
-0.00070511,-0.0010565
-0.00028024,-0.00041988
-0.0004855,-0.0007275
-0.0049448,-0.0074102
-0.013481,-0.020198
-0.0089823,-0.013457
-0.0096374,-0.014435
-0.0040454,-0.0060599
-0.075147,-0.12114
-0.083323,-0.13434
-0.00054746,-0.00082024
-0.0030799,-0.0046153
-0.0020008,-0.0029969
-0.046409,-0.070181
-0.067694,-0.1061
-0.00066625,-0.00099829
-0.034739,-0.051928
-0.010776,-0.016146
-0.046581,-0.070448
-0.0001965,-0.00029438
-0.054807,-0.099617
-0.066843,-0.10776
-0.002672,-0.0040021
-0.02309,-0.034582
-0.00013723,-0.00020556
-0.018772,-0.02813
-0.011596,-0.017374
-0.0038114,-0.0057103
-0.058904,-0.092316
-0.027142,-0.040656
-0.038849,-0.058146
-0.00018324,-0.00027445
-0.0031907,-0.0047806
-0.0018496,-0.0027719
-0.044746,-0.066875
-0.002491,-0.003732
-0.00097352,-0.0014587
-0.0067586,-0.010129
-0.00025154,-0.00037688
-0.029848,-0.0447
-0.00030536,-0.00045748
-0.0027877,-0.0041775
-0.020906,-0.031321
-0.0041305,-0.0061887
-0.001463,-0.0021923
-0.013332,-0.019968
-0.0004092,-0.00061322
-0.00022234,-0.000333
-0.0011719,-0.0017559
-0.00086134,-0.0012903
-0.0002238,-0.00033534
-0.00072074,-0.0010801
-0.010447,-0.015655
-0.060206,-0.091079
-0.0021004,-0.0031468
-0.059755,-0.10857
-0.0060356,-0.0090449
-0.00019391,-0.00029057
-0.0016103,-0.002412
-0.00017921,-0.00026854
-0.017523,-0.026259
-0.0040995,-0.0061411
-0.0016814,-0.0025195
-0.055849,-0.10153
-0.00066819,-0.0010011
0.94423,1.0402
-0.00019505,-0.00029227
-0.00042565,-0.00063771
-0.003761,-0.0056352
-0.0034694,-0.0051968
-9.2456e-05,-0.0001385
-0.0016724,-0.0025053
-0.0016233,-0.0024318
-0.0085155,-0.012759
-0.028855,-0.043133
-0.029667,-0.044386
-0.022182,-0.033243
-0.059714,-0.090354
-0.01183,-0.017724
-0.0014694,-0.0022012
-0.070676,-0.11395
-0.00080913,-0.0012125
-0.026785,-0.040131
-0.00017655,-0.00026454
-0.060934,-0.092186
-0.00045351,-0.0006793
-0.00039454,-0.00059111
-0.00021117,-0.0003163
-0.004045,-0.0060615
-0.031957,-0.047745
-0.026449,-0.03963
-0.044908,-0.067137
-0.00013082,-0.000196
-0.0012923,-0.0019358
-0.00013918,-0.00020855
-0.053795,-0.097862
0.87619,0.90012
-0.00067462,-0.0010108
-0.0076255,-0.011422
-0.0033165,-0.0049686
-0.029195,-0.043725
-0.0071404,-0.0107
-0.001108,-0.0016597
-0.0057302,-0.0085832
-0.00030429,-0.00045589
-0.016168,-0.024227
-0.00045528,-0.00068213
-0.0095103,-0.014251
-0.00069115,-0.0010356
-0.023823,-0.04607
-0.015082,-0.022594
-0.0055275,-0.0082802
-0.00017005,-0.00025469
-0.032923,-0.049228
-0.0011152,-0.0016708
-0.062797,-0.10908
-0.0024574,-0.0036825
-0.018933,-0.028366
-0.0024273,-0.0036354
-0.00020441,-0.00030618
-0.016379,-0.024541
-0.00033309,-0.00049891
-0.0030221,-0.0045274
-0.058939,-0.090429
-0.015976,-0.023938
-0.0019805,-0.0029673
-0.00064933,-0.00097285
-0.0058972,-0.0088358
-0.00023095,-0.00034603
-0.00012537,-0.00018782
-0.0014688,-0.0022006
-0.00041462,-0.00062108
-0.011095,-0.016623
-0.0025382,-0.0038029
-0.045923,-0.083628
-0.061671,-0.093293
-0.0078403,-0.011747
-0.034609,-0.051754
-0.018624,-0.027909
-0.0066581,-0.0099774
-0.00033165,-0.00049693
-0.00059476,-0.00089084
-0.017783,-0.026652
-0.0026498,-0.0039689
-0.0085712,-0.012844
-0.0052217,-0.0078233
-0.00037706,-0.00056501
-0.00013117,-0.00019645
-0.040396,-0.060606
-0.080936,-0.13049
-0.00011319,-0.00016958
-0.0014304,-0.0021432
-9.7295e-05,-0.00014571
-0.081853,-0.13658
-0.00032337,-0.00048459
-0.00045276,-0.00067831
-0.00024902,-0.00037308
-0.0022492,-0.0033698
1.0722,0.84763
-0.061046,-0.098436
-0.00015977,-0.00023933
-0.0044271,-0.0066309
-0.0071449,-0.010706
-0.00018442,-0.00027629
-0.027595,-0.041352
-0.0019843,-0.0029735
-0.0019669,-0.0029468
-0.00017542,-0.00026275
-0.001236,-0.0018521
-0.00015242,-0.0002284
-0.0018476,-0.0027677
-0.023729,-0.035549
-0.016179,-0.024239
-0.0042219,-0.006326
-0.0014752,-0.0022094
-0.013279,-0.019891
-0.00095157,-0.0014255
-0.00042842,-0.0006419
-0.0024419,-0.0036576
-0.047429,-0.071163
-0.014441,-0.021636
-0.0011605,-0.0017388
-0.035264,-0.052731
-0.020774,-0.031131
-0.014895,-0.022319
-0.00031142,-0.00046661
-0.0012636,-0.0018932
-0.0002549,-0.00038198
-0.00067824,-0.0010162
-0.0033323,-0.0049926
-0.029798,-0.044644
-0.017297,-0.025921
-0.00032588,-0.00048832
-0.00098681,-0.0014785
-0.0047134,-0.007063
